flight_id,flight_number,origin,destination,arrival_hour,passenger_count,day_of_week,month,weather_condition,historical_incidents_at_arrival,danger_zone_risk
FL00001,QR683,JAF,GIU,21,251,3,12,fog,2,0.2428
FL00002,AK916,TRR,KCT,6,195,4,4,fog,4,0.2364
FL00003,EK227,HRI,SWA,6,163,1,6,fog,0,0.1264
FL00004,EK668,CMB,HRI,18,97,0,9,thunderstorm,8,0.7246
FL00005,EK362,HRI,TRR,10,116,6,2,clear,2,0.1898
FL00006,UL211,BTC,HRI,20,230,4,9,heavy_rain,2,0.2264
FL00007,QR734,JAF,KCT,6,155,3,8,clear,7,0.3504
FL00008,FD339,CMB,KCT,20,42,5,2,clear,3,0.2141
FL00009,AK506,TRR,MNH,21,279,1,7,fog,6,0.4446
FL00010,QR249,TRR,SWA,4,276,0,7,storm,5,0.7105
FL00011,EK139,BTC,TRR,16,267,0,8,rain,4,0.2679
FL00012,AK819,SWA,BTC,17,86,1,2,rain,0,0.1295
FL00013,EK108,JAF,KCT,13,96,0,7,rain,4,0.3504
FL00014,FD824,HRI,TRR,17,257,5,3,clear,0,0.0895
FL00015,QR618,BTC,TRR,3,252,0,12,clear,8,0.5748
FL00016,UL154,BTC,GIU,5,41,4,5,thunderstorm,8,0.8179
FL00017,SQ944,SWA,BTC,3,87,5,3,heavy_rain,0,0.2379
FL00018,UL692,TRR,MNH,18,161,3,7,fog,0,0.0182
FL00019,AK820,BTC,KCT,13,99,3,3,rain,0,0.131
FL00020,FD701,GIU,JAF,12,44,0,2,storm,6,0.7327
FL00021,QR642,CMB,KCT,14,90,6,11,thunderstorm,8,0.8044
FL00022,QR744,SWA,TRR,16,112,1,10,heavy_rain,0,0.108
FL00023,AK331,HRI,SWA,7,144,2,5,clear,4,0.2204
FL00024,SQ321,GIU,BTC,6,140,4,8,fog,1,0.0978
FL00025,UL911,SWA,TRR,17,202,0,1,rain,6,0.3745
FL00026,AK601,KCT,BTC,14,55,6,6,heavy_rain,0,0.1379
FL00027,QR901,CMB,TRR,22,277,0,11,heavy_rain,1,0.2005
FL00028,QR914,CMB,KCT,0,275,5,4,thunderstorm,1,0.5064
FL00029,SQ121,JAF,BTC,17,85,3,8,storm,5,0.6155
FL00030,AK162,MNH,BTC,2,92,5,8,heavy_rain,3,0.3749
FL00031,QR402,TRR,KCT,5,69,1,6,rain,2,0.3158
FL00032,SQ839,BTC,SWA,12,181,2,8,rain,3,0.2937
FL00033,FD426,TRR,MNH,15,96,2,10,clear,4,0.2192
FL00034,SQ485,KCT,CMB,20,64,3,6,thunderstorm,8,0.7293
FL00035,SQ961,MNH,TRR,11,176,3,7,storm,2,0.489
FL00036,FD919,TRR,SWA,21,83,1,10,thunderstorm,4,0.5692
FL00037,SQ518,GIU,BTC,5,88,1,9,heavy_rain,1,0.2012
FL00038,AK955,JAF,GIU,0,94,3,6,clear,5,0.4022
FL00039,AK407,JAF,HRI,0,90,4,5,storm,3,0.5801
FL00040,FD884,GIU,KCT,13,229,6,1,thunderstorm,7,0.7136
FL00041,UL967,MNH,GIU,1,164,5,6,rain,6,0.4558
FL00042,UL745,CMB,SWA,14,86,6,7,fog,4,0.2998
FL00043,EK817,KCT,MNH,11,50,1,11,storm,3,0.5505
FL00044,FD249,GIU,CMB,3,198,2,3,fog,4,0.4263
FL00045,AK583,MNH,GIU,23,93,1,6,storm,4,0.6365
FL00046,FD185,JAF,KCT,23,140,2,1,storm,5,0.7617
FL00047,AK710,TRR,MNH,0,122,6,10,clear,0,0.2292
FL00048,QR646,BTC,HRI,17,85,1,12,rain,0,0.068
FL00049,EK478,GIU,SWA,1,172,4,12,rain,7,0.6323
FL00050,FD909,CMB,GIU,12,94,1,11,storm,2,0.4432
FL00051,QR444,BTC,HRI,20,139,4,1,rain,7,0.4346
FL00052,SQ169,GIU,CMB,2,53,5,7,heavy_rain,1,0.1913
FL00053,SQ614,BTC,HRI,15,203,0,1,heavy_rain,2,0.1835
FL00054,EK328,MNH,JAF,20,127,0,2,heavy_rain,7,0.4512
FL00055,FD864,TRR,BTC,15,258,3,4,storm,4,0.6292
FL00056,QR447,TRR,JAF,7,174,6,11,thunderstorm,3,0.4805
FL00057,QR221,JAF,KCT,10,124,4,7,heavy_rain,8,0.4731
FL00058,UL911,HRI,KCT,21,46,2,3,thunderstorm,3,0.5007
FL00059,FD535,BTC,TRR,0,130,0,9,thunderstorm,7,0.8778
FL00060,UL551,BTC,KCT,22,152,0,10,heavy_rain,6,0.4114
FL00061,SQ595,GIU,MNH,16,48,2,8,storm,2,0.4141
FL00062,FD221,TRR,BTC,0,226,2,12,storm,7,0.8414
FL00063,AK912,TRR,JAF,5,237,5,12,storm,7,0.7748
FL00064,SQ589,MNH,JAF,0,158,6,9,thunderstorm,7,0.804
FL00065,SQ305,KCT,JAF,19,278,5,4,clear,7,0.3943
FL00066,QR936,TRR,CMB,16,127,0,7,rain,6,0.4792
FL00067,AK294,KCT,TRR,8,66,5,6,storm,6,0.7497
FL00068,SQ124,TRR,CMB,9,178,5,7,rain,8,0.5399
FL00069,AK689,HRI,TRR,10,111,3,3,heavy_rain,7,0.3819
FL00070,AK233,BTC,TRR,0,239,6,8,heavy_rain,7,0.4628
FL00071,EK939,CMB,GIU,7,93,0,10,rain,7,0.4906
FL00072,QR128,TRR,HRI,1,73,3,3,heavy_rain,0,0.1669
FL00073,SQ810,KCT,GIU,20,142,0,4,storm,2,0.4056
FL00074,AK893,KCT,MNH,21,47,0,12,rain,7,0.4143
FL00075,QR558,HRI,TRR,13,270,0,5,storm,5,0.6491
FL00076,FD850,JAF,KCT,7,170,6,2,thunderstorm,5,0.6152
FL00077,QR191,BTC,TRR,7,138,6,2,fog,6,0.3225
FL00078,EK539,TRR,GIU,14,144,5,10,rain,5,0.3397
FL00079,QR925,HRI,GIU,19,151,2,8,rain,1,0.2368
FL00080,QR807,JAF,GIU,17,111,2,5,fog,1,0.1015
FL00081,UL790,HRI,JAF,18,41,0,11,rain,1,0.1786
FL00082,FD797,TRR,KCT,4,131,6,11,clear,7,0.4838
FL00083,SQ644,GIU,BTC,9,130,6,7,rain,7,0.4329
FL00084,EK420,MNH,GIU,16,165,6,11,thunderstorm,7,0.6847
FL00085,SQ926,TRR,HRI,11,215,3,1,heavy_rain,3,0.2678
FL00086,EK907,CMB,TRR,2,78,5,6,fog,2,0.22
FL00087,SQ975,SWA,TRR,21,218,3,2,heavy_rain,4,0.3181
FL00088,EK507,MNH,TRR,3,202,5,5,storm,1,0.5681
FL00089,EK921,SWA,GIU,3,233,3,3,heavy_rain,8,0.643
FL00090,UL238,KCT,SWA,19,69,4,3,storm,5,0.5882
FL00091,UL222,TRR,JAF,11,60,3,9,clear,0,0.1247
FL00092,QR394,GIU,SWA,0,155,1,7,thunderstorm,6,0.7763
FL00093,UL794,SWA,KCT,2,143,4,8,clear,6,0.4369
FL00094,UL971,MNH,HRI,14,76,5,6,heavy_rain,4,0.3399
FL00095,SQ616,BTC,MNH,19,75,4,10,heavy_rain,3,0.2205
FL00096,EK400,HRI,SWA,12,164,0,5,clear,2,0.1891
FL00097,EK633,TRR,SWA,12,271,5,3,clear,2,0.1303
FL00098,AK909,JAF,HRI,3,93,3,8,clear,2,0.2407
FL00099,SQ250,CMB,BTC,13,150,6,8,rain,0,0.1368
FL00100,AK982,BTC,HRI,17,270,4,11,fog,8,0.4145
FL00101,AK275,GIU,TRR,18,212,4,4,fog,5,0.3679
FL00102,EK641,SWA,GIU,4,248,2,1,rain,0,0.1642
FL00103,QR457,HRI,GIU,6,182,5,2,rain,2,0.2348
FL00104,UL321,KCT,SWA,17,249,5,10,thunderstorm,7,0.7441
FL00105,QR890,CMB,BTC,7,167,5,1,storm,5,0.634
FL00106,AK425,JAF,TRR,21,59,3,11,heavy_rain,0,0.0052
FL00107,SQ773,TRR,BTC,6,122,5,7,clear,7,0.4143
FL00108,EK423,GIU,SWA,0,195,4,8,heavy_rain,3,0.2885
FL00109,EK295,GIU,TRR,20,249,1,4,thunderstorm,4,0.6161
FL00110,AK710,HRI,CMB,4,105,3,7,fog,2,0.256
FL00111,AK167,BTC,SWA,6,280,4,10,heavy_rain,4,0.2836
FL00112,SQ216,GIU,TRR,4,132,0,5,heavy_rain,6,0.5101
FL00113,EK629,MNH,CMB,21,140,1,4,clear,4,0.2108
FL00114,FD216,GIU,TRR,17,186,4,11,rain,4,0.3169
FL00115,SQ134,CMB,JAF,1,67,6,3,fog,8,0.6256
FL00116,AK412,MNH,KCT,19,92,6,7,fog,7,0.4833
FL00117,AK888,GIU,TRR,16,126,5,12,thunderstorm,0,0.4184
FL00118,FD852,BTC,GIU,5,263,3,8,clear,2,0.206
FL00119,AK705,KCT,HRI,5,79,2,4,clear,4,0.3007
FL00120,UL500,TRR,SWA,22,266,5,10,storm,1,0.5308
FL00121,QR160,TRR,KCT,1,128,5,1,thunderstorm,4,0.623
FL00122,UL521,BTC,KCT,5,247,1,2,heavy_rain,7,0.5934
FL00123,EK731,CMB,SWA,16,118,3,8,heavy_rain,3,0.2719
FL00124,AK131,GIU,HRI,3,97,2,1,rain,4,0.45
FL00125,EK311,BTC,KCT,0,234,5,10,heavy_rain,5,0.3848
FL00126,EK763,BTC,JAF,18,134,4,12,rain,1,0.1847
FL00127,FD719,GIU,HRI,21,176,1,6,thunderstorm,3,0.5079
FL00128,UL209,GIU,SWA,3,135,4,5,clear,0,0.2251
FL00129,SQ498,GIU,TRR,2,248,1,12,storm,8,0.8033
FL00130,SQ619,MNH,TRR,7,246,6,8,fog,2,0.246
FL00131,EK856,KCT,MNH,10,66,1,4,thunderstorm,8,0.7596
FL00132,AK389,CMB,HRI,6,43,2,12,storm,5,0.6955
FL00133,AK744,GIU,KCT,15,227,5,6,storm,4,0.5637
FL00134,UL160,GIU,SWA,6,51,5,2,fog,4,0.2792
FL00135,AK992,CMB,BTC,18,211,2,12,clear,2,0.1802
FL00136,EK987,JAF,HRI,7,182,2,3,clear,1,0.1799
FL00137,EK425,BTC,CMB,9,197,1,11,storm,7,0.7874
FL00138,FD529,HRI,TRR,18,71,6,1,rain,6,0.4129
FL00139,SQ728,BTC,CMB,8,163,3,1,fog,4,0.308
FL00140,FD785,MNH,SWA,0,45,1,8,fog,0,0.2341
FL00141,QR719,TRR,HRI,5,263,4,10,heavy_rain,2,0.336
FL00142,UL528,SWA,MNH,7,177,2,5,rain,1,0.1208
FL00143,FD541,CMB,TRR,21,163,3,1,heavy_rain,2,0.2161
FL00144,UL330,BTC,TRR,8,114,0,1,rain,8,0.5545
FL00145,QR701,MNH,CMB,9,54,4,12,heavy_rain,2,0.1961
FL00146,EK930,JAF,GIU,8,163,0,10,thunderstorm,1,0.4477
FL00147,UL876,SWA,GIU,5,96,0,12,storm,7,0.8722
FL00148,EK786,SWA,KCT,18,184,5,6,thunderstorm,4,0.502
FL00149,QR686,KCT,SWA,16,150,4,7,thunderstorm,3,0.4514
FL00150,EK537,KCT,CMB,15,80,3,4,rain,2,0.2481
FL00151,EK286,BTC,TRR,19,222,5,7,clear,4,0.2333
FL00152,FD711,BTC,HRI,10,190,0,10,clear,6,0.4496
FL00153,FD363,CMB,GIU,9,239,0,12,fog,2,0.2306
FL00154,AK940,MNH,GIU,10,243,3,4,clear,8,0.4418
FL00155,AK360,TRR,CMB,14,203,3,5,fog,0,0.1488
FL00156,SQ965,GIU,JAF,22,208,0,10,heavy_rain,3,0.2682
FL00157,FD162,SWA,GIU,23,158,0,10,rain,8,0.599
FL00158,SQ536,JAF,CMB,20,158,0,7,clear,4,0.3203
FL00159,UL896,TRR,BTC,0,149,3,3,heavy_rain,2,0.3354
FL00160,QR896,BTC,KCT,11,169,5,5,clear,4,0.2099
FL00161,QR597,GIU,KCT,4,189,1,1,thunderstorm,6,0.7546
FL00162,SQ649,SWA,HRI,9,62,3,9,fog,7,0.3553
FL00163,EK811,HRI,MNH,23,223,0,12,rain,3,0.3815
FL00164,SQ151,MNH,BTC,3,270,1,12,clear,7,0.4826
FL00165,EK810,HRI,CMB,18,249,0,10,storm,1,0.4953
FL00166,UL363,KCT,BTC,23,215,2,6,storm,0,0.4792
FL00167,UL268,JAF,MNH,1,185,4,8,clear,1,0.2022
FL00168,QR964,KCT,JAF,19,188,1,4,clear,1,0.1768
FL00169,UL219,SWA,TRR,1,57,3,10,storm,4,0.6739
FL00170,EK380,TRR,SWA,14,227,1,9,thunderstorm,3,0.4624
FL00171,UL952,MNH,BTC,10,83,3,11,rain,0,0.0733
FL00172,UL636,MNH,CMB,19,61,6,7,thunderstorm,1,0.438
FL00173,FD284,GIU,SWA,15,91,4,10,clear,6,0.432
FL00174,EK671,SWA,TRR,0,150,3,2,fog,1,0.1924
FL00175,QR438,BTC,KCT,2,161,2,1,clear,4,0.3942
FL00176,QR479,TRR,GIU,21,244,3,4,storm,8,0.8125
FL00177,QR109,CMB,GIU,11,255,5,9,clear,6,0.4191
FL00178,AK533,BTC,HRI,7,191,2,8,fog,8,0.4202
FL00179,SQ236,TRR,CMB,17,97,0,5,storm,6,0.6468
FL00180,EK762,BTC,GIU,22,63,0,12,thunderstorm,3,0.692
FL00181,FD643,HRI,CMB,22,58,1,5,thunderstorm,0,0.4492
FL00182,EK973,SWA,CMB,20,266,5,11,fog,2,0.1586
FL00183,AK489,KCT,BTC,5,73,1,3,storm,0,0.4439
FL00184,AK961,JAF,TRR,23,234,6,8,clear,7,0.5819
FL00185,AK125,JAF,GIU,13,153,1,8,heavy_rain,6,0.3028
FL00186,QR781,GIU,SWA,8,174,2,11,clear,6,0.3639
FL00187,EK766,SWA,HRI,2,196,3,1,thunderstorm,7,0.7945
FL00188,EK162,JAF,MNH,21,190,0,12,fog,1,0.1995
FL00189,AK915,MNH,JAF,10,222,0,5,storm,2,0.4943
FL00190,AK566,SWA,BTC,19,205,3,7,clear,1,0.1221
FL00191,FD150,TRR,JAF,6,156,4,2,heavy_rain,5,0.334
FL00192,QR142,TRR,BTC,13,133,4,2,heavy_rain,0,0.1225
FL00193,QR374,BTC,SWA,22,48,5,12,clear,6,0.4337
FL00194,UL377,HRI,MNH,21,183,5,7,clear,8,0.4234
FL00195,EK256,BTC,CMB,3,104,2,3,thunderstorm,5,0.6753
FL00196,EK693,KCT,JAF,21,61,3,10,clear,8,0.5095
FL00197,FD386,CMB,GIU,11,188,5,8,fog,1,0.0963
FL00198,QR180,TRR,SWA,18,237,5,10,storm,2,0.477
FL00199,AK916,TRR,BTC,9,87,0,11,rain,0,0.1229
FL00200,AK518,TRR,CMB,18,200,1,10,fog,3,0.1593
FL00201,AK974,CMB,GIU,20,139,4,7,rain,8,0.5056
FL00202,EK764,TRR,JAF,9,179,6,4,fog,7,0.4345
FL00203,UL642,HRI,SWA,12,225,1,1,thunderstorm,3,0.475
FL00204,EK388,TRR,BTC,4,276,2,2,heavy_rain,6,0.5163
FL00205,UL822,HRI,TRR,12,113,1,12,fog,1,0.0997
FL00206,SQ666,MNH,TRR,23,135,1,5,fog,4,0.3174
FL00207,UL882,SWA,GIU,9,144,3,7,heavy_rain,3,0.1863
FL00208,AK588,SWA,GIU,7,84,3,11,rain,8,0.5054
FL00209,AK893,JAF,GIU,12,84,1,9,thunderstorm,4,0.6266
FL00210,FD349,BTC,JAF,19,107,4,5,clear,8,0.4528
FL00211,EK848,TRR,GIU,13,57,4,1,heavy_rain,8,0.4219
FL00212,EK979,BTC,CMB,20,132,3,11,heavy_rain,7,0.3695
FL00213,QR915,CMB,GIU,15,105,1,5,storm,7,0.7559
FL00214,EK830,KCT,SWA,12,58,3,11,clear,7,0.4065
FL00215,AK222,CMB,TRR,7,158,4,1,rain,8,0.4656
FL00216,EK365,JAF,TRR,6,243,2,10,thunderstorm,3,0.5253
FL00217,QR431,JAF,SWA,5,239,0,8,rain,8,0.5597
FL00218,EK625,BTC,SWA,4,227,1,11,storm,7,0.8783
FL00219,EK152,SWA,GIU,10,161,1,9,fog,5,0.2846
FL00220,SQ328,GIU,KCT,15,95,2,11,rain,8,0.5289
FL00221,FD222,SWA,TRR,10,94,2,12,clear,8,0.4919
FL00222,SQ685,MNH,TRR,1,272,0,12,fog,7,0.5117
FL00223,UL718,CMB,BTC,12,272,5,4,storm,1,0.46
FL00224,EK162,SWA,HRI,12,176,0,6,storm,2,0.4412
FL00225,SQ237,CMB,BTC,23,74,1,12,rain,0,0.2189
FL00226,AK997,HRI,TRR,19,58,3,10,storm,7,0.7167
FL00227,EK900,BTC,JAF,21,183,6,1,thunderstorm,7,0.6857
FL00228,UL115,CMB,JAF,7,260,3,11,clear,3,0.2328
FL00229,QR367,TRR,HRI,21,257,0,3,thunderstorm,1,0.4328
FL00230,AK248,GIU,BTC,15,194,0,9,rain,4,0.3798
FL00231,SQ190,SWA,HRI,4,254,0,7,rain,4,0.4303
FL00232,EK939,GIU,MNH,3,73,5,1,rain,2,0.3888
FL00233,SQ510,SWA,HRI,12,133,4,9,heavy_rain,7,0.3741
FL00234,FD182,SWA,GIU,14,121,5,4,rain,5,0.3578
FL00235,FD937,HRI,TRR,11,76,6,10,rain,7,0.422
FL00236,QR807,BTC,HRI,14,170,0,1,heavy_rain,3,0.2824
FL00237,EK463,TRR,HRI,11,279,3,7,fog,8,0.4107
FL00238,EK143,TRR,BTC,17,177,4,4,thunderstorm,2,0.4193
FL00239,QR748,SWA,CMB,1,82,2,8,fog,7,0.466
FL00240,AK233,CMB,KCT,18,192,4,4,storm,7,0.7208
FL00241,AK873,BTC,SWA,5,239,1,1,storm,7,0.7931
FL00242,AK423,MNH,BTC,7,205,0,1,fog,5,0.3682
FL00243,AK160,HRI,KCT,21,138,6,2,rain,0,0.0582
FL00244,UL209,SWA,BTC,21,253,5,9,fog,6,0.394
FL00245,UL525,TRR,HRI,4,129,2,11,clear,2,0.3164
FL00246,AK852,GIU,MNH,7,72,0,9,rain,0,0.1432
FL00247,AK376,MNH,GIU,5,262,6,11,heavy_rain,8,0.5344
FL00248,UL109,TRR,GIU,3,219,5,4,rain,5,0.5335
FL00249,QR964,KCT,GIU,22,186,4,3,heavy_rain,2,0.3039
FL00250,SQ536,HRI,SWA,6,220,3,9,rain,4,0.3772
FL00251,UL781,TRR,JAF,4,63,4,2,fog,5,0.4683
FL00252,AK628,CMB,BTC,10,226,0,9,storm,8,0.702
FL00253,SQ314,GIU,CMB,13,150,1,2,fog,6,0.3765
FL00254,QR630,HRI,SWA,8,196,5,9,thunderstorm,3,0.5129
FL00255,QR868,CMB,BTC,22,224,6,10,thunderstorm,0,0.5133
FL00256,FD942,KCT,CMB,8,86,1,9,thunderstorm,2,0.4124
FL00257,SQ867,JAF,CMB,11,186,1,4,heavy_rain,7,0.4263
FL00258,SQ618,KCT,SWA,4,216,5,7,storm,8,0.938
FL00259,UL379,TRR,KCT,0,278,3,10,thunderstorm,1,0.4623
FL00260,EK332,SWA,HRI,12,268,4,3,heavy_rain,4,0.2794
FL00261,EK139,BTC,KCT,6,216,3,1,heavy_rain,2,0.239
FL00262,EK750,MNH,BTC,4,130,2,9,heavy_rain,0,0.1755
FL00263,UL883,SWA,KCT,23,203,6,11,heavy_rain,2,0.2566
FL00264,SQ251,CMB,BTC,0,241,3,4,storm,2,0.5758
FL00265,EK632,HRI,GIU,3,79,5,5,clear,5,0.4082
FL00266,FD156,JAF,TRR,2,247,2,3,rain,6,0.5537
FL00267,FD297,JAF,HRI,23,201,0,9,heavy_rain,5,0.3982
FL00268,EK726,MNH,KCT,18,229,6,3,clear,7,0.4125
FL00269,EK178,SWA,HRI,6,155,4,6,thunderstorm,8,0.7146
FL00270,SQ910,HRI,GIU,0,123,6,4,rain,3,0.3514
FL00271,SQ641,KCT,BTC,5,229,2,1,storm,5,0.791
FL00272,EK816,SWA,CMB,6,61,4,10,fog,2,0.2158
FL00273,SQ213,GIU,KCT,17,112,3,5,storm,1,0.4677
FL00274,AK867,SWA,KCT,23,177,2,2,clear,6,0.5081
FL00275,SQ224,KCT,TRR,2,268,1,4,storm,7,0.7906
FL00276,UL773,GIU,MNH,16,271,1,11,storm,7,0.7093
FL00277,AK355,JAF,GIU,19,259,3,11,clear,8,0.489
FL00278,QR542,KCT,GIU,21,68,6,9,heavy_rain,1,0.1997
FL00279,FD723,CMB,TRR,23,51,6,8,heavy_rain,5,0.4195
FL00280,SQ280,GIU,CMB,23,178,5,10,storm,6,0.756
FL00281,UL364,HRI,BTC,10,252,1,1,clear,7,0.4577
FL00282,FD375,HRI,KCT,19,45,4,1,fog,3,0.2666
FL00283,SQ919,GIU,SWA,10,271,1,6,heavy_rain,5,0.293
FL00284,FD489,KCT,HRI,1,136,0,6,storm,6,0.8188
FL00285,QR917,CMB,HRI,6,150,1,12,clear,2,0.1862
FL00286,UL197,CMB,KCT,11,103,3,6,storm,3,0.5309
FL00287,AK243,HRI,CMB,10,122,4,1,heavy_rain,2,0.2256
FL00288,SQ138,KCT,HRI,15,228,0,10,storm,8,0.785
FL00289,SQ666,MNH,TRR,23,223,0,10,heavy_rain,0,0.2089
FL00290,UL732,TRR,BTC,16,234,3,11,rain,1,0.2235
FL00291,FD368,CMB,GIU,16,255,1,10,heavy_rain,0,0.0884
FL00292,EK634,SWA,BTC,16,90,0,10,heavy_rain,4,0.2058
FL00293,AK781,TRR,KCT,7,67,3,6,heavy_rain,6,0.3545
FL00294,QR268,MNH,KCT,6,279,5,2,clear,4,0.3017
FL00295,EK741,SWA,GIU,11,150,0,6,rain,7,0.5433
FL00296,UL893,KCT,HRI,8,193,6,4,storm,3,0.5081
FL00297,FD408,BTC,GIU,17,256,6,9,fog,1,0.1592
FL00298,QR383,KCT,GIU,4,180,6,9,thunderstorm,2,0.5907
FL00299,EK734,CMB,JAF,15,206,2,6,rain,6,0.4599
FL00300,FD517,TRR,KCT,21,275,5,4,heavy_rain,3,0.1759
FL00301,EK728,TRR,GIU,18,43,6,10,rain,8,0.5732
FL00302,AK222,CMB,JAF,19,168,2,10,clear,8,0.4568
FL00303,SQ576,GIU,TRR,11,165,6,1,thunderstorm,7,0.7286
FL00304,UL195,MNH,BTC,23,176,4,4,thunderstorm,2,0.5695
FL00305,FD866,SWA,KCT,8,142,1,8,storm,7,0.6516
FL00306,UL603,CMB,SWA,4,116,4,10,fog,1,0.2152
FL00307,SQ599,KCT,BTC,6,55,0,9,thunderstorm,0,0.3841
FL00308,AK595,KCT,HRI,2,179,6,5,thunderstorm,3,0.5915
FL00309,SQ153,HRI,JAF,22,40,2,9,storm,7,0.7551
FL00310,UL495,CMB,KCT,7,77,6,3,rain,3,0.269
FL00311,AK209,MNH,HRI,8,110,2,2,clear,2,0.1791
FL00312,SQ957,GIU,HRI,14,115,2,4,heavy_rain,3,0.2157
FL00313,FD945,KCT,BTC,3,168,4,12,storm,1,0.4688
FL00314,FD283,SWA,MNH,13,196,3,11,clear,8,0.4524
FL00315,FD515,HRI,KCT,14,192,6,10,rain,2,0.1911
FL00316,QR883,BTC,JAF,6,184,2,3,heavy_rain,7,0.4578
FL00317,EK749,TRR,CMB,9,74,0,3,fog,6,0.3215
FL00318,FD366,CMB,JAF,19,78,5,1,rain,6,0.4712
FL00319,QR330,BTC,MNH,23,103,4,8,heavy_rain,1,0.2603
FL00320,FD221,SWA,KCT,12,238,4,12,storm,6,0.6408
FL00321,AK555,GIU,SWA,15,103,4,1,storm,4,0.6352
FL00322,UL382,JAF,TRR,12,149,3,10,fog,2,0.1608
FL00323,QR565,GIU,BTC,5,257,6,4,fog,0,0.144
FL00324,QR459,JAF,KCT,14,268,0,6,thunderstorm,0,0.4223
FL00325,EK395,GIU,KCT,7,117,3,6,thunderstorm,2,0.5163
FL00326,SQ333,MNH,CMB,1,164,6,4,storm,3,0.5637
FL00327,UL297,HRI,TRR,4,189,2,2,fog,5,0.3747
FL00328,EK201,GIU,SWA,6,123,3,8,rain,1,0.1683
FL00329,EK924,JAF,SWA,3,205,1,9,thunderstorm,7,0.8481
FL00330,UL328,KCT,HRI,11,239,0,3,heavy_rain,4,0.25
FL00331,SQ190,SWA,JAF,5,209,1,6,heavy_rain,3,0.3243
FL00332,EK785,JAF,TRR,11,63,1,10,storm,1,0.4018
FL00333,UL445,HRI,SWA,12,145,4,2,heavy_rain,8,0.4426
FL00334,SQ470,GIU,SWA,16,117,5,11,thunderstorm,2,0.4014
FL00335,SQ933,KCT,BTC,20,186,0,7,rain,0,0.0584
FL00336,EK473,SWA,CMB,14,242,6,8,storm,1,0.4215
FL00337,SQ188,MNH,JAF,14,251,6,11,fog,4,0.3456
FL00338,EK177,HRI,MNH,10,60,0,7,rain,2,0.1909
FL00339,EK240,BTC,JAF,12,70,6,6,storm,5,0.6395
FL00340,EK326,GIU,SWA,2,186,0,4,storm,2,0.6003
FL00341,AK784,MNH,JAF,13,62,6,12,heavy_rain,4,0.2599
FL00342,QR559,BTC,JAF,16,192,4,10,thunderstorm,2,0.5288
FL00343,SQ286,HRI,GIU,1,260,6,7,storm,2,0.5269
FL00344,AK813,GIU,HRI,10,206,0,7,thunderstorm,8,0.7603
FL00345,SQ811,SWA,JAF,13,72,6,9,clear,3,0.2112
FL00346,EK580,CMB,KCT,0,70,2,7,storm,7,0.7815
FL00347,EK591,TRR,JAF,15,201,2,9,thunderstorm,8,0.705
FL00348,FD211,SWA,HRI,13,128,6,11,fog,7,0.472
FL00349,SQ267,KCT,HRI,16,203,3,4,clear,4,0.2609
FL00350,FD903,BTC,CMB,2,165,6,6,clear,3,0.2872
FL00351,UL590,BTC,CMB,4,56,4,9,storm,6,0.7564
FL00352,AK215,HRI,JAF,7,155,4,3,rain,7,0.4148
FL00353,QR606,HRI,BTC,13,228,6,8,rain,3,0.2622
FL00354,EK732,JAF,GIU,7,43,2,8,rain,8,0.5857
FL00355,SQ454,CMB,HRI,6,54,4,9,clear,2,0.1661
FL00356,EK704,GIU,KCT,23,69,4,11,thunderstorm,5,0.7707
FL00357,FD687,GIU,BTC,9,204,6,4,clear,5,0.3416
FL00358,UL333,JAF,BTC,17,50,6,10,clear,5,0.372
FL00359,FD273,MNH,CMB,14,134,2,1,clear,4,0.3427
FL00360,QR596,TRR,KCT,18,187,5,6,rain,0,0.0795
FL00361,QR609,BTC,JAF,4,179,5,3,thunderstorm,1,0.5873
FL00362,EK363,SWA,HRI,13,270,2,5,fog,8,0.4023
FL00363,EK508,BTC,TRR,6,278,6,8,clear,6,0.3258
FL00364,FD980,CMB,HRI,8,252,2,1,storm,8,0.8159
FL00365,UL416,TRR,JAF,8,130,4,12,storm,0,0.4081
FL00366,SQ852,MNH,CMB,11,110,5,12,storm,8,0.7837
FL00367,SQ350,TRR,MNH,5,254,1,4,storm,2,0.5713
FL00368,EK939,SWA,TRR,18,145,5,12,rain,1,0.2377
FL00369,AK963,MNH,HRI,11,171,4,2,rain,8,0.5685
FL00370,SQ697,HRI,SWA,6,105,4,11,storm,8,0.8105
FL00371,SQ643,BTC,TRR,16,52,5,4,clear,8,0.4288
FL00372,AK972,KCT,BTC,3,193,0,4,rain,4,0.4496
FL00373,AK931,GIU,MNH,7,98,2,10,heavy_rain,2,0.2111
FL00374,SQ845,TRR,KCT,19,199,4,2,clear,7,0.4509
FL00375,UL639,GIU,HRI,2,236,1,5,thunderstorm,8,0.8703
FL00376,UL145,GIU,MNH,20,64,2,7,rain,2,0.2098
FL00377,EK239,TRR,CMB,6,239,6,8,fog,8,0.5295
FL00378,SQ946,SWA,BTC,23,246,4,1,thunderstorm,6,0.8176
FL00379,AK787,GIU,HRI,8,162,2,2,storm,6,0.6822
FL00380,EK826,JAF,MNH,22,88,6,3,fog,7,0.5191
FL00381,AK846,CMB,JAF,20,224,6,1,heavy_rain,8,0.4926
FL00382,AK647,SWA,BTC,13,180,0,12,clear,7,0.4839
FL00383,UL991,CMB,BTC,17,71,2,1,storm,6,0.7496
FL00384,EK602,TRR,HRI,3,146,6,7,rain,7,0.5061
FL00385,FD596,SWA,MNH,13,273,6,1,storm,0,0.4016
FL00386,EK487,TRR,KCT,5,229,6,1,clear,0,0.2152
FL00387,QR117,CMB,SWA,21,138,2,9,fog,1,0.1731
FL00388,EK972,TRR,HRI,13,240,3,7,heavy_rain,4,0.2358
FL00389,EK918,CMB,HRI,14,164,0,12,clear,5,0.3953
FL00390,EK597,HRI,BTC,11,107,1,1,thunderstorm,8,0.7982
FL00391,SQ614,TRR,CMB,13,240,2,5,rain,8,0.5185
FL00392,SQ297,CMB,SWA,9,198,1,10,heavy_rain,4,0.2668
FL00393,EK180,CMB,TRR,16,105,2,11,rain,4,0.3029
FL00394,FD884,MNH,SWA,6,220,0,2,fog,6,0.3411
FL00395,SQ864,KCT,HRI,22,258,6,12,fog,4,0.3396
FL00396,FD517,CMB,HRI,1,233,2,12,fog,3,0.2784
FL00397,EK630,CMB,TRR,12,44,0,3,heavy_rain,3,0.2495
FL00398,EK791,BTC,SWA,14,256,5,2,clear,2,0.1431
FL00399,SQ779,SWA,BTC,1,176,0,3,fog,4,0.3853
FL00400,FD468,HRI,JAF,22,77,4,11,fog,3,0.2757
FL00401,EK149,BTC,CMB,16,122,6,7,storm,7,0.7341
FL00402,SQ174,BTC,JAF,19,136,5,7,thunderstorm,2,0.4081
FL00403,AK950,KCT,JAF,22,126,0,2,clear,8,0.5959
FL00404,EK662,GIU,HRI,6,109,4,3,rain,2,0.1758
FL00405,AK949,HRI,CMB,15,216,1,10,thunderstorm,3,0.5268
FL00406,SQ634,HRI,MNH,20,122,4,7,clear,0,0.0281
FL00407,UL518,GIU,TRR,15,129,5,12,rain,0,0.102
FL00408,SQ439,KCT,GIU,23,277,5,3,heavy_rain,2,0.2495
FL00409,SQ698,KCT,JAF,20,233,6,11,thunderstorm,2,0.4624
FL00410,FD613,JAF,KCT,9,90,2,10,heavy_rain,0,0.1283
FL00411,AK687,JAF,MNH,20,86,5,7,fog,6,0.3408
FL00412,FD142,CMB,TRR,23,196,1,6,heavy_rain,2,0.2631
FL00413,AK141,MNH,CMB,13,270,1,8,thunderstorm,5,0.6714
FL00414,FD499,MNH,SWA,17,193,0,6,storm,3,0.4882
FL00415,QR804,HRI,BTC,17,244,5,3,heavy_rain,6,0.3836
FL00416,EK553,CMB,KCT,18,120,1,10,clear,8,0.4012
FL00417,EK427,CMB,BTC,6,276,1,1,heavy_rain,3,0.235
FL00418,EK306,CMB,HRI,6,201,5,1,clear,7,0.3502
FL00419,SQ952,HRI,BTC,7,182,0,3,storm,0,0.4438
FL00420,FD435,GIU,JAF,23,113,4,6,heavy_rain,1,0.1852
FL00421,EK158,JAF,MNH,5,88,0,12,clear,0,0.1189
FL00422,SQ381,BTC,MNH,8,51,2,2,clear,5,0.3884
FL00423,UL430,KCT,MNH,18,184,5,5,storm,6,0.6699
FL00424,EK808,GIU,KCT,0,183,2,9,rain,8,0.6016
FL00425,QR877,JAF,KCT,2,251,0,2,thunderstorm,6,0.8183
FL00426,QR168,CMB,BTC,4,251,3,12,storm,8,0.8791
FL00427,AK195,BTC,TRR,16,239,2,11,thunderstorm,3,0.5941
FL00428,SQ345,GIU,HRI,13,164,4,5,fog,8,0.5425
FL00429,EK423,CMB,TRR,17,44,4,8,clear,0,0.1185
FL00430,AK678,BTC,SWA,15,108,0,5,rain,4,0.2722
FL00431,QR343,GIU,KCT,18,279,4,6,thunderstorm,0,0.4366
FL00432,AK311,KCT,HRI,18,233,0,3,rain,1,0.2448
FL00433,AK222,MNH,BTC,22,244,2,9,thunderstorm,6,0.8404
FL00434,UL278,SWA,CMB,21,178,6,3,clear,7,0.3692
FL00435,SQ885,HRI,KCT,8,107,4,8,thunderstorm,4,0.6453
FL00436,AK614,SWA,TRR,14,221,2,8,clear,8,0.5217
FL00437,SQ130,BTC,GIU,6,114,5,9,heavy_rain,1,0.1885
FL00438,FD845,GIU,JAF,13,254,5,5,clear,0,0.0535
FL00439,AK832,TRR,KCT,1,88,0,2,thunderstorm,6,0.7508
FL00440,QR626,JAF,TRR,11,231,5,1,fog,4,0.2155
FL00441,QR955,MNH,BTC,20,86,4,5,storm,3,0.5007
FL00442,SQ996,TRR,KCT,23,174,3,1,thunderstorm,8,0.8194
FL00443,AK828,HRI,TRR,0,279,3,11,clear,2,0.3287
FL00444,EK242,MNH,HRI,9,107,6,4,clear,3,0.2003
FL00445,AK733,GIU,SWA,1,91,6,8,thunderstorm,2,0.5344
FL00446,SQ393,BTC,JAF,6,106,0,6,fog,5,0.2563
FL00447,SQ154,GIU,BTC,13,280,5,7,thunderstorm,6,0.6711
FL00448,EK523,SWA,TRR,20,202,0,5,fog,7,0.3908
FL00449,SQ265,HRI,MNH,0,279,0,11,fog,5,0.3861
FL00450,FD906,JAF,GIU,14,72,3,9,heavy_rain,0,0.015
FL00451,FD480,BTC,HRI,6,178,0,9,thunderstorm,7,0.7911
FL00452,SQ427,MNH,GIU,9,131,4,8,fog,2,0.2266
FL00453,FD892,BTC,JAF,16,223,0,4,clear,3,0.2688
FL00454,EK279,TRR,GIU,0,228,1,12,fog,3,0.3742
FL00455,QR139,MNH,SWA,19,59,0,8,fog,0,0.0257
FL00456,QR301,KCT,MNH,17,144,5,7,fog,5,0.281
FL00457,FD530,KCT,CMB,15,163,2,3,rain,1,0.2257
FL00458,QR615,HRI,MNH,17,152,3,8,thunderstorm,5,0.5776
FL00459,QR975,BTC,TRR,21,115,4,8,storm,4,0.5503
FL00460,EK652,GIU,MNH,11,110,4,1,fog,2,0.2347
FL00461,QR450,GIU,TRR,6,97,4,11,clear,6,0.4255
FL00462,EK377,JAF,BTC,3,47,2,5,rain,0,0.2909
FL00463,SQ593,MNH,SWA,20,209,3,11,rain,3,0.3334
FL00464,SQ288,TRR,JAF,6,214,4,10,thunderstorm,6,0.6426
FL00465,UL824,GIU,MNH,1,183,4,6,rain,0,0.2652
FL00466,UL669,BTC,MNH,11,246,1,2,fog,8,0.4426
FL00467,UL973,TRR,CMB,5,234,3,7,thunderstorm,3,0.5922
FL00468,FD301,SWA,CMB,12,228,1,2,clear,5,0.371
FL00469,AK177,MNH,JAF,10,60,2,6,clear,0,0.0557
FL00470,FD932,GIU,CMB,13,254,1,1,rain,7,0.4285
FL00471,QR602,HRI,KCT,11,64,2,2,fog,1,0.0985
FL00472,FD839,TRR,SWA,14,91,0,11,rain,5,0.4408
FL00473,UL542,JAF,TRR,6,109,1,11,clear,0,0.1007
FL00474,QR367,BTC,TRR,21,66,0,1,heavy_rain,8,0.4043
FL00475,FD978,CMB,BTC,6,182,0,5,thunderstorm,8,0.7402
FL00476,SQ628,KCT,TRR,19,277,0,6,thunderstorm,3,0.5278
FL00477,UL406,CMB,MNH,20,229,4,7,thunderstorm,2,0.423
FL00478,SQ447,BTC,SWA,12,153,5,9,fog,8,0.4976
FL00479,QR334,JAF,CMB,16,70,3,3,thunderstorm,2,0.4961
FL00480,QR306,KCT,SWA,15,91,2,7,storm,8,0.7389
FL00481,EK757,HRI,GIU,5,109,6,7,storm,1,0.4899
FL00482,FD158,CMB,JAF,12,63,0,3,heavy_rain,2,0.2222
FL00483,QR916,JAF,TRR,16,137,0,11,heavy_rain,2,0.2153
FL00484,UL681,BTC,SWA,15,192,6,1,storm,7,0.7064
FL00485,UL408,MNH,TRR,2,81,2,5,clear,2,0.289
FL00486,UL117,BTC,CMB,1,219,2,7,thunderstorm,1,0.4854
FL00487,FD172,HRI,TRR,14,205,4,7,storm,5,0.5913
FL00488,EK972,CMB,KCT,3,173,5,7,fog,0,0.1364
FL00489,SQ123,BTC,GIU,1,172,1,5,clear,1,0.156
FL00490,FD857,MNH,CMB,23,186,3,1,heavy_rain,4,0.4085
FL00491,FD168,JAF,HRI,9,63,1,4,rain,8,0.4687
FL00492,FD957,JAF,HRI,7,207,0,7,rain,4,0.3694
FL00493,EK804,JAF,KCT,18,180,1,3,rain,8,0.4526
FL00494,AK931,TRR,HRI,5,258,2,10,storm,7,0.7871
FL00495,AK384,TRR,BTC,2,269,3,4,rain,0,0.2829
FL00496,QR838,TRR,SWA,15,233,2,8,clear,5,0.2813
FL00497,AK676,SWA,BTC,2,68,4,5,storm,1,0.4997
FL00498,UL934,CMB,SWA,16,111,5,4,heavy_rain,6,0.3482
FL00499,QR443,TRR,KCT,16,82,0,6,fog,3,0.2574
FL00500,EK861,GIU,JAF,5,163,4,5,clear,5,0.4774
FL00501,SQ808,SWA,KCT,11,105,0,3,thunderstorm,0,0.3883
FL00502,AK369,BTC,JAF,19,81,0,2,heavy_rain,8,0.5106
FL00503,FD728,TRR,JAF,18,168,2,3,fog,7,0.4513
FL00504,EK585,BTC,HRI,13,127,6,5,thunderstorm,5,0.6239
FL00505,UL751,TRR,GIU,16,144,6,3,fog,5,0.2761
FL00506,FD506,TRR,HRI,20,247,4,2,thunderstorm,5,0.6793
FL00507,UL285,KCT,SWA,7,187,2,3,clear,1,0.1749
FL00508,AK947,HRI,SWA,21,276,0,3,clear,8,0.4706
FL00509,UL647,HRI,MNH,6,106,4,3,rain,4,0.3733
FL00510,UL622,KCT,JAF,19,179,4,11,fog,7,0.4877
FL00511,FD767,MNH,GIU,15,166,2,3,storm,2,0.4187
FL00512,EK308,KCT,JAF,16,232,0,8,storm,4,0.5784
FL00513,QR803,JAF,HRI,6,92,1,7,clear,1,0.0571
FL00514,FD332,TRR,HRI,21,267,4,1,fog,7,0.4581
FL00515,UL849,GIU,TRR,5,131,2,4,rain,3,0.3207
FL00516,SQ311,BTC,MNH,13,177,2,7,storm,3,0.5361
FL00517,AK543,TRR,CMB,22,143,1,6,clear,8,0.5886
FL00518,FD121,MNH,HRI,21,75,4,1,heavy_rain,6,0.4047
FL00519,AK939,GIU,CMB,0,140,1,6,heavy_rain,7,0.524
FL00520,SQ213,KCT,JAF,0,71,1,7,thunderstorm,1,0.592
FL00521,SQ683,HRI,CMB,14,195,6,3,storm,8,0.7662
FL00522,UL374,JAF,HRI,6,230,3,1,rain,4,0.3134
FL00523,EK221,JAF,GIU,8,265,0,2,rain,2,0.2142
FL00524,UL498,CMB,TRR,1,244,6,4,storm,5,0.7799
FL00525,EK317,BTC,HRI,8,254,5,4,clear,0,0.0579
FL00526,FD668,KCT,BTC,18,242,5,2,rain,3,0.2853
FL00527,QR602,HRI,SWA,13,122,5,7,clear,0,0.1494
FL00528,SQ293,GIU,JAF,16,80,5,2,clear,8,0.4186
FL00529,QR616,SWA,MNH,13,255,3,3,clear,5,0.3528
FL00530,FD323,MNH,KCT,14,268,3,8,clear,1,0.1938
FL00531,FD673,MNH,SWA,16,188,6,10,rain,5,0.4261
FL00532,UL226,JAF,GIU,8,69,4,5,storm,5,0.5837
FL00533,QR521,GIU,KCT,16,194,4,1,rain,6,0.4888
FL00534,FD179,JAF,BTC,21,252,3,7,fog,6,0.405
FL00535,QR510,GIU,HRI,7,179,4,7,heavy_rain,3,0.2
FL00536,FD757,CMB,BTC,4,190,1,1,clear,5,0.4914
FL00537,UL853,GIU,MNH,6,149,0,7,rain,3,0.3188
FL00538,QR934,KCT,GIU,23,124,1,8,clear,8,0.5062
FL00539,QR495,SWA,TRR,22,262,2,10,heavy_rain,8,0.5645
FL00540,AK727,BTC,GIU,23,149,3,2,heavy_rain,7,0.493
FL00541,EK759,HRI,TRR,8,179,4,9,heavy_rain,5,0.2609
FL00542,QR104,SWA,CMB,11,82,1,11,thunderstorm,8,0.8365
FL00543,QR256,SWA,KCT,10,69,2,1,clear,7,0.4802
FL00544,QR360,BTC,JAF,21,266,0,4,storm,2,0.5029
FL00545,AK248,JAF,GIU,7,156,4,3,fog,7,0.4568
FL00546,SQ877,BTC,MNH,6,84,5,8,clear,8,0.4272
FL00547,EK974,JAF,SWA,2,94,6,3,rain,8,0.6432
FL00548,SQ553,TRR,MNH,22,119,4,9,thunderstorm,8,0.8817
FL00549,QR845,MNH,SWA,1,201,5,1,heavy_rain,2,0.2504
FL00550,SQ443,HRI,CMB,5,149,2,2,thunderstorm,5,0.6905
FL00551,UL700,BTC,JAF,7,49,1,4,heavy_rain,4,0.3453
FL00552,QR647,TRR,MNH,0,111,0,2,storm,6,0.848
FL00553,QR425,HRI,GIU,23,218,6,11,rain,2,0.3028
FL00554,FD997,KCT,CMB,18,196,0,11,storm,4,0.5236
FL00555,AK566,KCT,MNH,18,272,0,7,thunderstorm,0,0.3046
FL00556,FD100,TRR,GIU,7,159,2,12,rain,6,0.4176
FL00557,FD430,MNH,KCT,15,175,5,5,rain,3,0.3258
FL00558,SQ441,JAF,TRR,16,80,1,6,heavy_rain,1,0.0638
FL00559,AK265,CMB,SWA,6,144,1,12,fog,1,0.1698
FL00560,QR528,HRI,KCT,5,215,3,3,storm,5,0.692
FL00561,FD505,SWA,TRR,15,98,5,12,fog,5,0.3083
FL00562,SQ656,JAF,GIU,2,74,3,3,thunderstorm,5,0.7114
FL00563,AK143,JAF,HRI,19,133,6,6,thunderstorm,2,0.4168
FL00564,EK648,TRR,KCT,1,59,0,2,thunderstorm,0,0.4342
FL00565,FD915,HRI,SWA,14,201,4,8,storm,7,0.6982
FL00566,FD953,CMB,TRR,4,213,6,8,thunderstorm,6,0.8216
FL00567,QR528,MNH,GIU,15,173,5,8,thunderstorm,5,0.6399
FL00568,EK822,HRI,TRR,14,239,3,1,clear,8,0.5429
FL00569,FD716,BTC,GIU,3,255,3,6,rain,7,0.5606
FL00570,SQ868,HRI,SWA,2,184,5,4,clear,8,0.5038
FL00571,QR605,MNH,GIU,23,88,3,6,rain,8,0.5591
FL00572,UL245,KCT,TRR,5,262,0,5,clear,1,0.2357
FL00573,EK364,CMB,SWA,19,153,2,4,storm,7,0.7523
FL00574,FD771,HRI,MNH,6,57,3,5,heavy_rain,1,0.1257
FL00575,QR373,TRR,HRI,6,110,1,5,heavy_rain,7,0.4705
FL00576,FD400,MNH,SWA,4,192,1,1,thunderstorm,3,0.5743
FL00577,SQ784,HRI,SWA,18,214,2,10,thunderstorm,5,0.5704
FL00578,AK804,KCT,GIU,14,152,3,2,fog,8,0.4598
FL00579,FD723,CMB,MNH,0,233,6,5,rain,3,0.4463
FL00580,UL166,BTC,GIU,7,113,6,6,heavy_rain,6,0.3715
FL00581,QR221,BTC,TRR,16,223,2,2,rain,2,0.28
FL00582,SQ994,TRR,CMB,18,95,6,12,rain,1,0.1874
FL00583,QR555,TRR,CMB,6,251,6,11,heavy_rain,4,0.2328
FL00584,SQ881,GIU,KCT,22,91,0,3,rain,2,0.3273
FL00585,AK130,MNH,BTC,22,53,2,8,thunderstorm,6,0.7517
FL00586,FD839,MNH,BTC,2,179,5,4,clear,2,0.2647
FL00587,QR162,KCT,SWA,13,121,3,11,thunderstorm,8,0.8172
FL00588,SQ780,BTC,KCT,9,119,2,7,heavy_rain,1,0.0523
FL00589,FD499,CMB,BTC,20,144,5,1,thunderstorm,1,0.4377
FL00590,AK205,MNH,TRR,16,269,6,8,clear,0,0.0206
FL00591,UL805,HRI,MNH,1,92,4,4,rain,6,0.5255
FL00592,SQ555,JAF,TRR,9,265,2,6,clear,6,0.3403
FL00593,UL848,BTC,SWA,19,208,4,3,heavy_rain,2,0.1973
FL00594,SQ858,TRR,BTC,15,181,0,12,storm,8,0.81
FL00595,AK130,JAF,GIU,4,231,5,12,fog,3,0.3636
FL00596,AK201,BTC,TRR,15,227,1,7,thunderstorm,5,0.6865
FL00597,QR723,CMB,GIU,13,85,6,10,thunderstorm,4,0.5915
FL00598,AK502,CMB,SWA,9,182,5,12,storm,3,0.5515
FL00599,FD607,GIU,MNH,1,156,6,10,thunderstorm,5,0.7427
FL00600,SQ313,HRI,TRR,19,164,5,5,fog,5,0.3517
FL00601,AK424,GIU,TRR,10,126,0,6,clear,5,0.3702
FL00602,FD159,GIU,KCT,16,168,3,8,heavy_rain,3,0.2163
FL00603,FD114,CMB,JAF,11,156,2,10,storm,4,0.5765
FL00604,QR738,TRR,HRI,19,271,4,2,clear,7,0.5
FL00605,EK294,MNH,BTC,5,128,1,2,storm,1,0.4982
FL00606,UL138,CMB,GIU,22,136,1,10,clear,4,0.3354
FL00607,AK853,CMB,HRI,11,229,3,2,fog,7,0.3907
FL00608,SQ920,JAF,HRI,1,97,6,11,fog,3,0.2852
FL00609,SQ144,GIU,SWA,9,70,6,2,heavy_rain,2,0.116
FL00610,QR818,KCT,GIU,22,192,3,5,thunderstorm,6,0.7189
FL00611,SQ644,JAF,MNH,21,114,5,6,thunderstorm,6,0.7046
FL00612,SQ173,SWA,GIU,2,154,1,10,fog,3,0.297
FL00613,FD165,MNH,TRR,22,82,4,8,rain,7,0.5951
FL00614,UL876,GIU,HRI,0,228,1,12,storm,3,0.6032
FL00615,UL680,KCT,CMB,9,244,1,1,heavy_rain,7,0.455
FL00616,QR158,TRR,SWA,18,132,6,3,rain,2,0.1936
FL00617,SQ333,MNH,HRI,2,177,4,3,fog,7,0.5632
FL00618,SQ420,GIU,CMB,17,200,2,2,storm,5,0.5887
FL00619,EK336,JAF,TRR,2,270,5,4,heavy_rain,7,0.5707
FL00620,QR608,GIU,BTC,15,56,5,7,heavy_rain,8,0.5166
FL00621,EK419,CMB,GIU,2,257,1,5,heavy_rain,0,0.1976
FL00622,QR196,SWA,HRI,0,214,6,6,clear,6,0.5299
FL00623,AK601,HRI,SWA,9,80,2,1,thunderstorm,4,0.5286
FL00624,FD943,GIU,TRR,19,265,6,5,clear,7,0.4053
FL00625,AK765,CMB,HRI,3,221,6,8,fog,7,0.5475
FL00626,EK300,SWA,HRI,10,196,5,9,fog,5,0.2745
FL00627,EK923,BTC,MNH,1,175,1,4,thunderstorm,7,0.8173
FL00628,UL749,HRI,SWA,23,203,3,2,heavy_rain,6,0.52
FL00629,QR142,MNH,HRI,3,109,1,7,storm,1,0.5116
FL00630,AK136,CMB,GIU,19,272,4,11,clear,5,0.2702
FL00631,AK762,JAF,MNH,5,264,6,3,thunderstorm,1,0.5965
FL00632,AK884,SWA,BTC,3,129,6,6,heavy_rain,3,0.3039
FL00633,QR602,HRI,KCT,12,131,2,5,thunderstorm,2,0.4088
FL00634,EK115,GIU,TRR,8,218,4,10,heavy_rain,1,0.0646
FL00635,FD832,JAF,BTC,1,237,5,2,rain,3,0.4367
FL00636,EK879,MNH,JAF,14,180,1,12,storm,1,0.4616
FL00637,UL101,JAF,BTC,5,116,4,5,fog,0,0.1145
FL00638,EK238,BTC,CMB,6,101,3,5,heavy_rain,7,0.4262
FL00639,UL930,GIU,MNH,2,44,0,11,clear,7,0.5379
FL00640,UL828,HRI,GIU,13,152,5,1,thunderstorm,2,0.406
FL00641,FD182,GIU,BTC,20,42,4,10,heavy_rain,6,0.3125
FL00642,AK892,SWA,KCT,19,248,2,9,clear,2,0.221
FL00643,QR878,SWA,JAF,18,276,4,12,heavy_rain,8,0.4897
FL00644,QR558,SWA,CMB,11,128,6,6,thunderstorm,1,0.3909
FL00645,QR474,CMB,TRR,11,187,2,10,thunderstorm,6,0.7306
FL00646,SQ820,GIU,BTC,18,129,0,8,heavy_rain,2,0.2017
FL00647,AK340,BTC,TRR,22,260,4,12,clear,2,0.2492
FL00648,QR664,KCT,BTC,8,247,1,10,rain,5,0.4259
FL00649,FD854,BTC,CMB,13,105,1,9,fog,6,0.3871
FL00650,FD646,BTC,CMB,4,223,6,4,rain,6,0.494
FL00651,QR340,MNH,KCT,9,243,3,2,heavy_rain,4,0.2708
FL00652,EK475,BTC,HRI,1,98,0,8,rain,8,0.5944
FL00653,UL690,JAF,HRI,0,270,4,9,thunderstorm,6,0.7158
FL00654,EK382,JAF,TRR,11,271,3,8,fog,6,0.3487
FL00655,FD911,KCT,CMB,4,200,5,9,fog,0,0.2111
FL00656,EK507,MNH,CMB,6,128,0,8,fog,5,0.3962
FL00657,FD236,SWA,TRR,18,237,6,4,clear,0,0.0321
FL00658,SQ536,KCT,CMB,11,64,6,2,thunderstorm,2,0.5474
FL00659,SQ325,BTC,GIU,5,192,0,12,thunderstorm,6,0.7948
FL00660,EK342,MNH,JAF,22,134,6,2,fog,5,0.4593
FL00661,FD243,HRI,MNH,11,232,2,11,heavy_rain,4,0.3113
FL00662,EK228,CMB,SWA,20,113,4,12,clear,8,0.4015
FL00663,FD673,TRR,MNH,21,209,0,7,clear,3,0.285
FL00664,AK660,GIU,JAF,17,191,3,6,rain,4,0.3921
FL00665,FD759,TRR,BTC,4,68,0,4,storm,6,0.8094
FL00666,QR473,GIU,KCT,15,124,0,3,rain,7,0.505
FL00667,SQ456,HRI,GIU,20,188,6,3,thunderstorm,4,0.5179
FL00668,SQ166,CMB,MNH,7,128,6,10,heavy_rain,1,0.1673
FL00669,FD712,MNH,GIU,18,176,1,8,heavy_rain,7,0.4963
FL00670,EK422,KCT,GIU,3,141,3,2,fog,8,0.529
FL00671,AK807,TRR,HRI,13,268,0,6,rain,3,0.2516
FL00672,QR264,GIU,KCT,2,91,4,1,clear,4,0.3586
FL00673,AK695,HRI,TRR,17,56,0,2,thunderstorm,3,0.4894
FL00674,EK918,SWA,JAF,1,177,5,3,clear,2,0.2365
FL00675,AK294,HRI,KCT,9,211,4,4,heavy_rain,5,0.29
FL00676,EK235,JAF,HRI,14,124,2,3,rain,0,0.1394
FL00677,AK973,JAF,SWA,0,64,3,9,fog,4,0.3134
FL00678,QR147,TRR,MNH,18,183,2,5,thunderstorm,2,0.5476
FL00679,QR917,TRR,MNH,19,280,2,12,thunderstorm,0,0.4498
FL00680,EK128,CMB,KCT,3,240,3,10,heavy_rain,2,0.3328
FL00681,UL335,JAF,MNH,6,74,6,11,heavy_rain,3,0.2048
FL00682,FD752,BTC,GIU,21,191,1,5,storm,1,0.3787
FL00683,UL303,HRI,TRR,16,192,2,10,fog,8,0.4843
FL00684,UL559,HRI,CMB,5,70,6,12,rain,5,0.4508
FL00685,UL118,GIU,BTC,2,243,2,1,heavy_rain,2,0.3254
FL00686,SQ436,BTC,TRR,22,264,5,8,storm,6,0.7662
FL00687,SQ850,HRI,KCT,17,207,0,8,storm,5,0.574
FL00688,FD343,JAF,CMB,15,90,3,2,rain,5,0.3456
FL00689,SQ872,BTC,JAF,8,48,6,10,storm,7,0.6835
FL00690,FD547,SWA,TRR,16,127,5,12,clear,0,0.0996
FL00691,AK730,SWA,HRI,3,148,4,7,heavy_rain,3,0.2691
FL00692,SQ856,SWA,HRI,8,250,5,5,heavy_rain,4,0.3097
FL00693,SQ687,BTC,HRI,12,172,1,8,thunderstorm,2,0.5357
FL00694,SQ977,MNH,BTC,1,122,4,3,clear,0,0.1392
FL00695,EK566,TRR,BTC,19,195,2,11,clear,6,0.4057
FL00696,FD239,TRR,MNH,8,79,1,9,fog,8,0.4795
FL00697,QR688,SWA,HRI,14,114,5,3,clear,7,0.4966
FL00698,SQ774,TRR,SWA,4,165,3,9,fog,3,0.3996
FL00699,EK514,BTC,SWA,17,238,0,4,rain,1,0.1884
FL00700,SQ167,SWA,TRR,6,175,5,2,rain,6,0.4678
FL00701,AK740,JAF,CMB,6,164,1,11,storm,2,0.5107
FL00702,EK438,HRI,SWA,18,251,0,10,fog,1,0.1266
FL00703,QR686,BTC,GIU,21,234,6,10,thunderstorm,7,0.7919
FL00704,QR893,JAF,SWA,3,211,6,4,clear,5,0.4639
FL00705,FD449,KCT,BTC,15,153,2,6,heavy_rain,6,0.4405
FL00706,EK310,SWA,BTC,18,120,6,7,rain,0,0.0751
FL00707,SQ816,KCT,CMB,5,56,5,2,clear,1,0.2133
FL00708,FD275,SWA,KCT,6,116,2,9,fog,5,0.3085
FL00709,UL643,SWA,TRR,22,45,0,2,rain,2,0.3397
FL00710,FD440,JAF,CMB,20,233,2,7,thunderstorm,3,0.5201
FL00711,FD247,SWA,MNH,18,72,6,3,storm,3,0.4655
FL00712,FD277,GIU,JAF,5,204,5,2,thunderstorm,2,0.5404
FL00713,EK664,GIU,HRI,16,53,5,7,thunderstorm,1,0.4213
FL00714,EK432,GIU,SWA,15,145,2,10,thunderstorm,0,0.3978
FL00715,AK534,CMB,GIU,5,202,1,10,fog,5,0.418
FL00716,AK696,SWA,HRI,5,133,2,8,storm,4,0.635
FL00717,AK711,HRI,TRR,18,279,2,11,heavy_rain,6,0.4403
FL00718,FD687,CMB,GIU,2,127,6,2,rain,5,0.4706
FL00719,UL343,BTC,MNH,4,257,5,9,thunderstorm,0,0.4338
FL00720,SQ532,CMB,SWA,17,88,2,2,thunderstorm,4,0.6219
FL00721,QR344,CMB,MNH,8,153,2,8,thunderstorm,1,0.3569
FL00722,AK918,SWA,TRR,12,63,6,4,fog,7,0.3779
FL00723,UL700,JAF,MNH,22,93,6,12,clear,1,0.1892
FL00724,QR492,TRR,GIU,22,108,6,6,clear,0,0.2372
FL00725,AK626,TRR,HRI,6,244,1,12,thunderstorm,8,0.8008
FL00726,FD775,SWA,BTC,10,210,0,8,rain,8,0.5757
FL00727,UL185,SWA,TRR,22,165,3,6,fog,3,0.3706
FL00728,EK486,HRI,TRR,16,194,1,6,rain,8,0.4666
FL00729,AK280,KCT,SWA,21,93,2,5,heavy_rain,8,0.5311
FL00730,EK731,GIU,JAF,2,179,6,6,clear,3,0.2815
FL00731,UL465,SWA,BTC,19,210,5,5,clear,5,0.3359
FL00732,EK546,JAF,BTC,13,231,6,1,storm,0,0.334
FL00733,FD891,CMB,BTC,17,43,3,7,rain,6,0.3728
FL00734,AK823,KCT,TRR,9,157,1,9,storm,4,0.6097
FL00735,AK955,JAF,HRI,10,170,3,9,rain,6,0.4082
FL00736,FD736,HRI,MNH,20,202,0,4,storm,6,0.6774
FL00737,UL647,MNH,SWA,10,235,4,10,thunderstorm,0,0.4206
FL00738,SQ243,GIU,JAF,17,64,4,8,clear,8,0.4641
FL00739,QR167,TRR,KCT,12,257,4,2,fog,2,0.2324
FL00740,FD856,HRI,KCT,18,278,4,6,clear,2,0.161
FL00741,EK920,SWA,CMB,23,101,5,3,thunderstorm,0,0.4216
FL00742,FD399,TRR,MNH,0,217,3,9,rain,8,0.6757
FL00743,AK975,TRR,JAF,11,117,1,4,storm,0,0.3672
FL00744,AK252,SWA,CMB,20,88,6,12,heavy_rain,3,0.2568
FL00745,AK117,GIU,BTC,2,277,5,10,clear,3,0.3763
FL00746,QR464,KCT,CMB,8,211,2,9,rain,0,0.1607
FL00747,EK840,HRI,CMB,19,110,2,7,storm,0,0.3137
FL00748,FD776,MNH,JAF,0,192,0,7,storm,4,0.6652
FL00749,SQ490,JAF,CMB,18,68,1,12,thunderstorm,4,0.6403
FL00750,AK675,MNH,SWA,2,188,5,9,fog,4,0.3108
FL00751,AK264,MNH,HRI,4,78,4,2,storm,8,0.8186
FL00752,EK836,JAF,KCT,15,212,5,9,fog,4,0.2283
FL00753,EK460,GIU,BTC,7,165,0,2,storm,8,0.7497
FL00754,QR937,BTC,JAF,8,164,3,3,thunderstorm,3,0.5619
FL00755,UL994,KCT,BTC,13,150,4,8,clear,2,0.2345
FL00756,UL508,CMB,TRR,10,223,0,2,clear,1,0.1006
FL00757,SQ915,SWA,HRI,12,185,1,3,clear,0,0.1015
FL00758,FD629,SWA,KCT,20,95,4,10,clear,0,0.0457
FL00759,UL792,CMB,BTC,1,115,6,10,heavy_rain,4,0.4283
FL00760,FD966,JAF,KCT,13,190,3,1,heavy_rain,5,0.3352
FL00761,QR517,HRI,GIU,8,261,4,12,fog,7,0.4303
FL00762,FD123,JAF,TRR,21,215,6,8,rain,7,0.4373
FL00763,AK213,MNH,BTC,10,53,5,2,rain,4,0.2937
FL00764,UL511,SWA,HRI,14,230,5,7,fog,5,0.3856
FL00765,SQ602,TRR,BTC,12,199,2,11,heavy_rain,0,0.0926
FL00766,FD847,CMB,JAF,15,270,6,5,storm,2,0.5418
FL00767,UL195,BTC,CMB,10,270,3,6,fog,6,0.4243
FL00768,QR853,GIU,CMB,6,141,3,7,rain,8,0.5422
FL00769,FD725,SWA,CMB,23,252,2,10,clear,4,0.3171
FL00770,FD930,MNH,BTC,4,168,1,9,storm,0,0.419
FL00771,UL189,HRI,GIU,9,241,6,2,fog,2,0.1169
FL00772,AK905,KCT,GIU,3,46,0,11,storm,7,0.8708
FL00773,AK910,MNH,HRI,13,88,5,6,heavy_rain,1,0.0886
FL00774,AK690,HRI,GIU,16,120,1,10,fog,4,0.2907
FL00775,FD224,SWA,KCT,4,270,3,1,heavy_rain,3,0.2531
FL00776,QR907,HRI,JAF,4,100,6,12,fog,2,0.2924
FL00777,EK450,CMB,GIU,0,141,1,3,heavy_rain,0,0.2279
FL00778,SQ447,BTC,JAF,20,118,3,8,rain,8,0.5099
FL00779,SQ851,MNH,BTC,3,179,6,2,storm,6,0.7167
FL00780,FD311,TRR,JAF,21,201,5,3,clear,8,0.5259
FL00781,UL925,JAF,BTC,3,56,1,7,fog,6,0.4731
FL00782,AK805,TRR,BTC,20,204,5,3,rain,3,0.3169
FL00783,QR517,BTC,TRR,0,134,6,8,fog,1,0.2732
FL00784,AK861,MNH,SWA,2,279,6,7,rain,8,0.5614
FL00785,AK651,GIU,JAF,21,243,3,2,clear,0,0.0007
FL00786,FD607,HRI,BTC,5,273,4,6,clear,1,0.2919
FL00787,AK431,GIU,HRI,16,256,6,5,rain,7,0.4673
FL00788,UL216,GIU,JAF,22,147,6,9,storm,8,0.8169
FL00789,QR450,HRI,KCT,3,265,2,6,fog,4,0.3845
FL00790,FD444,KCT,CMB,22,156,3,11,heavy_rain,1,0.2121
FL00791,UL968,GIU,TRR,5,49,0,10,clear,0,0.1307
FL00792,SQ108,TRR,JAF,11,90,0,3,thunderstorm,0,0.3333
FL00793,UL779,MNH,SWA,6,153,1,10,rain,5,0.3264
FL00794,UL427,HRI,GIU,13,111,0,5,heavy_rain,2,0.1182
FL00795,QR532,HRI,GIU,0,203,2,2,thunderstorm,6,0.829
FL00796,EK774,JAF,GIU,8,228,2,5,thunderstorm,6,0.6768
FL00797,UL983,KCT,BTC,16,181,1,8,fog,5,0.3601
FL00798,FD504,TRR,KCT,17,115,2,1,rain,8,0.5022
FL00799,EK150,GIU,SWA,4,273,2,6,storm,0,0.4191
FL00800,QR612,GIU,CMB,9,85,3,9,thunderstorm,0,0.3924
FL00801,EK881,JAF,SWA,5,225,3,6,thunderstorm,5,0.6951
FL00802,AK705,MNH,GIU,10,144,3,10,thunderstorm,6,0.7002
FL00803,QR613,MNH,TRR,12,88,6,11,storm,3,0.5386
FL00804,EK148,HRI,JAF,13,226,4,7,storm,3,0.5678
FL00805,AK377,MNH,BTC,2,55,5,6,thunderstorm,7,0.8811
FL00806,SQ965,CMB,SWA,12,251,1,10,rain,5,0.3517
FL00807,EK590,KCT,HRI,16,245,0,4,thunderstorm,0,0.391
FL00808,FD354,TRR,MNH,20,259,4,6,heavy_rain,3,0.2716
FL00809,EK167,GIU,SWA,7,103,4,12,rain,8,0.5454
FL00810,SQ351,GIU,CMB,8,111,2,4,rain,0,0.1459
FL00811,QR280,GIU,CMB,20,105,1,2,thunderstorm,2,0.404
FL00812,SQ322,MNH,HRI,20,113,1,10,thunderstorm,0,0.3455
FL00813,UL281,JAF,BTC,7,195,1,3,fog,1,0.145
FL00814,QR465,HRI,CMB,7,270,4,7,rain,0,0.067
FL00815,FD289,CMB,HRI,2,229,5,12,thunderstorm,4,0.7482
FL00816,UL783,BTC,HRI,23,238,6,3,heavy_rain,0,0.1281
FL00817,QR647,TRR,MNH,7,144,4,3,fog,3,0.2413
FL00818,SQ449,JAF,SWA,6,276,2,2,fog,1,0.1417
FL00819,FD956,CMB,GIU,22,129,6,7,fog,0,0.1468
FL00820,QR104,TRR,MNH,15,165,6,11,thunderstorm,0,0.3174
FL00821,SQ196,SWA,KCT,14,47,5,4,storm,0,0.4289
FL00822,QR454,KCT,HRI,4,101,0,7,thunderstorm,8,0.9319
FL00823,UL158,SWA,BTC,15,117,4,4,thunderstorm,8,0.7909
FL00824,EK936,HRI,GIU,9,186,1,7,thunderstorm,0,0.4467
FL00825,UL188,MNH,TRR,9,93,1,4,heavy_rain,2,0.1399
FL00826,EK158,HRI,CMB,8,254,6,10,heavy_rain,2,0.2459
FL00827,EK764,TRR,KCT,4,190,3,2,storm,5,0.7235
FL00828,QR611,TRR,JAF,2,206,6,5,thunderstorm,8,0.9401
FL00829,AK463,TRR,CMB,1,84,2,8,fog,0,0.1574
FL00830,QR421,BTC,KCT,14,131,4,2,fog,2,0.233
FL00831,EK172,HRI,KCT,8,224,3,10,thunderstorm,5,0.6439
FL00832,QR319,BTC,GIU,0,223,2,3,heavy_rain,4,0.3363
FL00833,AK502,KCT,GIU,18,172,5,10,heavy_rain,2,0.2283
FL00834,FD606,TRR,MNH,22,205,6,8,thunderstorm,2,0.6325
FL00835,AK623,JAF,TRR,23,231,1,12,heavy_rain,4,0.3114
FL00836,SQ669,HRI,MNH,14,271,2,11,heavy_rain,4,0.2875
FL00837,FD725,SWA,TRR,19,103,6,7,rain,4,0.3779
FL00838,SQ302,JAF,SWA,20,173,6,2,thunderstorm,5,0.6296
FL00839,QR911,KCT,SWA,13,245,0,2,thunderstorm,8,0.7043
FL00840,FD796,SWA,CMB,20,230,2,3,fog,8,0.4724
FL00841,UL330,TRR,CMB,10,40,1,12,clear,7,0.4968
FL00842,AK377,SWA,MNH,5,211,3,6,heavy_rain,0,0.2339
FL00843,QR560,JAF,KCT,11,73,0,9,storm,0,0.3253
FL00844,QR999,CMB,BTC,1,251,2,6,rain,4,0.4221
FL00845,EK393,CMB,KCT,7,156,1,1,storm,3,0.5286
FL00846,QR121,MNH,CMB,11,230,6,6,thunderstorm,6,0.6827
FL00847,FD332,SWA,KCT,23,176,0,6,thunderstorm,5,0.7161
FL00848,QR314,KCT,BTC,3,147,0,2,fog,3,0.3434
FL00849,SQ202,CMB,SWA,9,89,5,3,clear,5,0.2927
FL00850,UL251,MNH,SWA,13,162,1,4,rain,8,0.5227
FL00851,UL883,GIU,MNH,18,180,1,7,heavy_rain,5,0.3983
FL00852,UL684,CMB,JAF,15,161,3,11,thunderstorm,3,0.5843
FL00853,AK189,CMB,HRI,13,136,6,9,thunderstorm,5,0.6416
FL00854,SQ241,JAF,GIU,1,264,2,6,clear,0,0.1041
FL00855,FD367,TRR,BTC,13,180,3,12,fog,7,0.4575
FL00856,SQ934,TRR,GIU,2,178,6,12,clear,6,0.5111
FL00857,SQ493,BTC,SWA,14,232,2,7,fog,7,0.4714
FL00858,AK929,CMB,TRR,12,89,0,2,fog,4,0.2235
FL00859,UL520,KCT,HRI,4,224,4,8,thunderstorm,1,0.5471
FL00860,FD284,HRI,GIU,19,63,2,5,heavy_rain,3,0.197
FL00861,QR879,HRI,JAF,23,84,4,1,clear,5,0.3804
FL00862,SQ638,HRI,SWA,10,114,2,10,fog,5,0.3756
FL00863,QR429,GIU,BTC,7,234,2,3,clear,4,0.3354
FL00864,FD924,JAF,BTC,13,163,5,4,fog,3,0.2192
FL00865,QR897,JAF,GIU,14,222,4,3,thunderstorm,4,0.5491
FL00866,FD663,HRI,TRR,16,57,5,11,rain,1,0.21
FL00867,SQ977,GIU,BTC,13,237,4,1,rain,6,0.3526
FL00868,SQ150,JAF,KCT,14,47,4,10,rain,0,0.0576
FL00869,AK116,JAF,GIU,21,249,1,1,rain,5,0.3255
FL00870,AK566,GIU,HRI,6,187,3,1,rain,3,0.3127
FL00871,AK580,TRR,SWA,22,266,3,11,thunderstorm,6,0.8336
FL00872,QR975,TRR,HRI,13,41,1,5,fog,7,0.4171
FL00873,EK289,CMB,BTC,13,143,2,11,storm,4,0.5605
FL00874,FD399,HRI,SWA,12,128,1,10,thunderstorm,1,0.4578
FL00875,AK171,MNH,TRR,4,56,6,6,fog,5,0.3923
FL00876,SQ319,GIU,TRR,12,107,3,7,storm,0,0.3303
FL00877,EK261,BTC,SWA,17,191,4,4,clear,6,0.3957
FL00878,SQ726,KCT,MNH,23,242,1,9,clear,2,0.3322
FL00879,FD210,BTC,MNH,12,161,6,9,thunderstorm,8,0.8166
FL00880,FD658,GIU,BTC,15,202,6,5,thunderstorm,7,0.6824
FL00881,AK864,SWA,MNH,21,40,3,6,heavy_rain,1,0.1267
FL00882,EK470,CMB,HRI,8,271,1,9,fog,7,0.4135
FL00883,QR972,SWA,GIU,5,163,5,10,rain,2,0.3915
FL00884,SQ926,KCT,GIU,1,267,5,10,thunderstorm,5,0.7184
FL00885,SQ986,SWA,BTC,15,112,3,7,rain,1,0.1755
FL00886,SQ381,TRR,MNH,6,198,4,7,heavy_rain,2,0.1574
FL00887,QR981,KCT,CMB,4,188,3,6,heavy_rain,2,0.346
FL00888,EK853,GIU,JAF,12,280,4,12,thunderstorm,2,0.453
FL00889,UL250,TRR,JAF,10,218,0,8,thunderstorm,1,0.369
FL00890,AK489,JAF,KCT,20,269,1,3,thunderstorm,5,0.6377
FL00891,QR752,GIU,TRR,17,275,6,2,storm,0,0.3336
FL00892,UL376,BTC,SWA,7,44,5,2,thunderstorm,4,0.5553
FL00893,FD301,GIU,CMB,4,129,3,3,fog,0,0.1967
FL00894,EK110,MNH,KCT,10,78,6,9,heavy_rain,5,0.3994
FL00895,AK363,SWA,TRR,5,190,6,2,clear,5,0.4711
FL00896,FD352,GIU,BTC,5,85,6,12,storm,8,0.8003
FL00897,UL825,BTC,JAF,8,270,6,6,heavy_rain,1,0.1672
FL00898,QR875,TRR,SWA,10,227,0,1,rain,2,0.235
FL00899,FD570,GIU,SWA,17,103,2,2,clear,8,0.495
FL00900,QR592,BTC,MNH,1,188,5,6,heavy_rain,3,0.3691
FL00901,SQ436,BTC,MNH,14,149,4,5,rain,3,0.3384
FL00902,QR219,HRI,SWA,8,269,0,11,rain,0,0.1214
FL00903,SQ460,TRR,BTC,8,63,0,3,fog,7,0.4126
FL00904,QR148,JAF,MNH,10,104,6,8,fog,3,0.2067
FL00905,SQ490,CMB,HRI,14,239,5,9,fog,5,0.2712
FL00906,FD455,JAF,CMB,23,121,2,4,rain,2,0.2575
FL00907,UL958,SWA,KCT,4,75,4,4,storm,8,0.9109
FL00908,SQ947,TRR,HRI,7,140,1,1,rain,5,0.3649
FL00909,FD537,GIU,CMB,3,263,3,2,clear,5,0.4536
FL00910,AK643,KCT,JAF,8,109,0,9,heavy_rain,4,0.3053
FL00911,AK836,MNH,SWA,23,220,3,10,fog,5,0.4474
FL00912,AK162,HRI,BTC,19,240,6,12,rain,3,0.2289
FL00913,QR215,GIU,SWA,2,137,4,9,rain,8,0.6922
FL00914,AK648,SWA,GIU,19,168,3,2,thunderstorm,0,0.412
FL00915,QR910,BTC,CMB,4,247,2,12,thunderstorm,2,0.5713
FL00916,SQ830,GIU,CMB,7,47,0,11,heavy_rain,3,0.2577
FL00917,FD559,HRI,TRR,17,179,6,7,thunderstorm,2,0.4471
FL00918,UL251,MNH,GIU,18,280,4,4,clear,5,0.3639
FL00919,EK540,BTC,CMB,16,211,5,12,thunderstorm,0,0.4031
FL00920,UL419,HRI,BTC,1,238,1,9,thunderstorm,0,0.4261
FL00921,QR696,TRR,SWA,3,244,5,12,fog,0,0.2055
FL00922,SQ374,SWA,BTC,14,137,6,4,heavy_rain,8,0.4353
FL00923,EK276,HRI,CMB,22,212,5,1,clear,0,0.1046
FL00924,SQ171,KCT,TRR,10,144,2,5,storm,6,0.7458
FL00925,SQ880,BTC,JAF,21,157,6,5,heavy_rain,2,0.249
FL00926,QR633,HRI,CMB,22,191,3,8,rain,3,0.3758
FL00927,UL956,JAF,HRI,18,267,5,1,thunderstorm,3,0.5984
FL00928,FD840,MNH,HRI,0,128,1,7,thunderstorm,1,0.5316
FL00929,UL568,SWA,JAF,12,177,4,1,storm,5,0.6256
FL00930,UL504,SWA,JAF,23,167,0,9,storm,7,0.8767
FL00931,QR400,CMB,BTC,15,173,5,9,fog,1,0.0683
FL00932,FD387,GIU,MNH,16,106,5,2,heavy_rain,6,0.3699
FL00933,UL670,TRR,JAF,6,131,5,5,clear,5,0.3331
FL00934,SQ666,MNH,KCT,9,44,5,5,fog,1,0.0674
FL00935,FD463,HRI,JAF,2,194,2,4,fog,6,0.45
FL00936,QR841,TRR,GIU,6,255,3,2,fog,3,0.2614
FL00937,UL945,TRR,HRI,20,75,0,7,thunderstorm,1,0.3705
FL00938,FD836,KCT,HRI,3,154,1,12,fog,6,0.5374
FL00939,QR992,BTC,JAF,13,69,3,3,fog,5,0.3535
FL00940,UL878,CMB,GIU,11,123,2,9,storm,0,0.3577
FL00941,UL758,CMB,SWA,20,70,4,6,storm,0,0.3778
FL00942,UL981,GIU,BTC,3,214,0,1,fog,2,0.2764
FL00943,UL862,CMB,HRI,10,124,6,7,clear,8,0.548
FL00944,FD348,HRI,TRR,15,82,1,9,storm,3,0.5546
FL00945,FD216,CMB,JAF,21,261,5,9,rain,0,0.1464
FL00946,FD644,KCT,TRR,7,192,1,8,heavy_rain,2,0.2306
FL00947,FD544,MNH,BTC,7,77,5,3,heavy_rain,5,0.3913
FL00948,FD954,HRI,TRR,22,156,0,9,clear,7,0.5247
FL00949,QR893,MNH,HRI,21,135,5,4,storm,5,0.6463
FL00950,FD821,SWA,BTC,9,123,3,6,thunderstorm,3,0.549
FL00951,UL274,KCT,JAF,19,132,0,9,thunderstorm,4,0.5176
FL00952,AK123,CMB,TRR,16,262,2,4,heavy_rain,8,0.456
FL00953,UL859,SWA,KCT,7,125,1,5,storm,3,0.5623
FL00954,EK856,MNH,SWA,19,120,1,8,clear,1,0.1519
FL00955,EK379,BTC,MNH,8,145,1,12,storm,0,0.4422
FL00956,UL363,HRI,KCT,16,134,0,1,thunderstorm,7,0.7993
FL00957,EK160,HRI,BTC,7,162,1,12,storm,4,0.6457
FL00958,EK734,TRR,HRI,15,127,0,12,heavy_rain,3,0.2545
FL00959,FD328,HRI,GIU,4,205,5,4,storm,0,0.483
FL00960,AK457,KCT,HRI,2,142,6,6,rain,0,0.1508
FL00961,EK576,SWA,KCT,8,75,4,2,thunderstorm,3,0.4786
FL00962,AK964,KCT,HRI,22,209,3,4,fog,0,0.2198
FL00963,UL491,SWA,CMB,18,167,2,4,thunderstorm,0,0.3764
FL00964,AK548,KCT,JAF,4,144,1,12,heavy_rain,7,0.5561
FL00965,EK146,SWA,MNH,0,48,1,9,thunderstorm,5,0.718
FL00966,AK909,CMB,KCT,19,235,4,1,storm,2,0.5315
FL00967,QR729,GIU,TRR,16,166,4,1,storm,0,0.3067
FL00968,SQ327,GIU,JAF,8,237,3,10,thunderstorm,4,0.5271
FL00969,SQ418,GIU,MNH,12,204,0,6,clear,3,0.2917
FL00970,FD462,SWA,TRR,17,142,3,1,thunderstorm,4,0.551
FL00971,EK272,HRI,SWA,4,244,1,8,thunderstorm,2,0.562
FL00972,QR956,GIU,KCT,8,71,1,9,storm,6,0.6825
FL00973,EK667,MNH,GIU,8,135,4,1,clear,1,0.1245
FL00974,SQ666,MNH,KCT,16,119,2,8,fog,7,0.4258
FL00975,AK730,KCT,GIU,12,182,5,9,fog,3,0.15
FL00976,SQ501,TRR,MNH,17,207,2,9,clear,2,0.2012
FL00977,UL305,JAF,BTC,19,57,6,10,rain,2,0.1619
FL00978,EK474,KCT,SWA,15,236,3,9,rain,5,0.3872
FL00979,UL668,SWA,JAF,19,179,1,8,clear,1,0.129
FL00980,QR398,KCT,MNH,11,259,1,7,storm,7,0.771
FL00981,FD981,TRR,SWA,17,73,2,6,fog,1,0.1253
FL00982,EK789,MNH,HRI,15,223,2,7,clear,5,0.3534
FL00983,SQ757,KCT,JAF,20,65,0,9,thunderstorm,1,0.4291
FL00984,EK497,KCT,BTC,3,180,0,1,fog,6,0.5129
FL00985,AK823,GIU,CMB,7,98,2,10,rain,7,0.4603
FL00986,UL969,JAF,HRI,14,139,3,5,heavy_rain,4,0.2614
FL00987,UL191,BTC,JAF,16,58,1,11,storm,7,0.7951
FL00988,EK684,MNH,CMB,0,99,5,12,fog,3,0.2582
FL00989,AK134,MNH,GIU,16,130,6,5,thunderstorm,8,0.8153
FL00990,EK730,SWA,HRI,12,269,4,10,thunderstorm,5,0.6515
FL00991,AK741,TRR,BTC,20,122,6,5,storm,6,0.7263
FL00992,QR799,CMB,JAF,23,243,0,5,heavy_rain,7,0.5396
FL00993,SQ824,BTC,HRI,20,159,6,2,heavy_rain,3,0.2988
FL00994,QR798,KCT,HRI,6,239,2,8,thunderstorm,1,0.3789
FL00995,UL136,JAF,CMB,16,69,5,6,thunderstorm,7,0.7382
FL00996,QR221,TRR,JAF,6,143,4,7,rain,4,0.3288
FL00997,UL766,CMB,JAF,21,45,1,3,fog,2,0.2085
FL00998,AK170,CMB,BTC,0,246,0,6,storm,8,0.8788
FL00999,UL238,HRI,SWA,23,142,5,9,heavy_rain,7,0.4554
FL01000,SQ690,HRI,JAF,3,85,4,9,clear,1,0.1796
FL01001,SQ600,MNH,SWA,0,147,2,4,heavy_rain,2,0.2727
FL01002,UL219,HRI,CMB,9,162,3,11,heavy_rain,8,0.4287
FL01003,EK628,MNH,SWA,14,158,6,5,heavy_rain,4,0.2457
FL01004,FD230,JAF,SWA,0,267,5,8,storm,8,0.8163
FL01005,SQ629,CMB,SWA,21,226,6,12,storm,7,0.7106
FL01006,SQ796,KCT,MNH,8,257,1,3,storm,7,0.7928
FL01007,EK490,MNH,GIU,11,188,0,5,fog,6,0.3872
FL01008,QR753,JAF,SWA,12,62,3,8,heavy_rain,1,0.1021
FL01009,EK454,GIU,KCT,19,249,6,7,thunderstorm,2,0.4929
FL01010,QR692,KCT,SWA,6,66,5,5,clear,3,0.2116
FL01011,SQ563,GIU,SWA,6,158,5,9,storm,1,0.4395
FL01012,EK676,MNH,TRR,8,67,2,1,rain,3,0.2554
FL01013,AK416,MNH,TRR,5,228,3,7,fog,5,0.4555
FL01014,QR357,SWA,JAF,18,116,3,5,heavy_rain,7,0.4989
FL01015,AK790,HRI,SWA,2,174,5,11,storm,3,0.5778
FL01016,UL221,BTC,JAF,17,119,0,12,clear,2,0.2227
FL01017,FD458,GIU,KCT,12,152,5,11,clear,1,0.1035
FL01018,SQ605,HRI,SWA,16,63,5,1,heavy_rain,0,0.0372
FL01019,SQ872,TRR,CMB,13,79,6,10,clear,6,0.3501
FL01020,UL970,MNH,GIU,10,154,4,9,rain,2,0.2693
FL01021,SQ551,SWA,JAF,20,62,6,6,heavy_rain,1,0.0525
FL01022,AK214,SWA,CMB,0,238,5,12,heavy_rain,8,0.5855
FL01023,SQ465,CMB,BTC,19,187,3,12,fog,2,0.1495
FL01024,QR363,HRI,JAF,2,201,2,8,storm,6,0.8363
FL01025,EK128,CMB,SWA,15,206,3,10,storm,7,0.7913
FL01026,UL364,JAF,GIU,7,156,3,6,thunderstorm,1,0.3648
FL01027,UL249,KCT,HRI,7,203,0,4,rain,5,0.3888
FL01028,FD601,CMB,SWA,1,223,3,7,heavy_rain,1,0.2721
FL01029,FD344,GIU,JAF,9,70,1,12,thunderstorm,1,0.4038
FL01030,UL215,SWA,JAF,8,126,5,11,clear,5,0.2555
FL01031,QR770,GIU,CMB,13,242,2,10,rain,4,0.2821
FL01032,SQ935,MNH,CMB,19,50,4,6,heavy_rain,0,0.1455
FL01033,UL590,TRR,CMB,2,269,1,3,clear,1,0.1649
FL01034,SQ736,SWA,CMB,23,87,0,6,thunderstorm,2,0.6132
FL01035,UL657,TRR,CMB,13,137,1,3,thunderstorm,2,0.4316
FL01036,QR380,KCT,GIU,18,101,5,1,thunderstorm,5,0.6602
FL01037,FD282,BTC,KCT,11,153,4,3,fog,6,0.3874
FL01038,QR564,SWA,TRR,10,188,0,5,storm,0,0.318
FL01039,UL258,JAF,KCT,17,172,3,8,fog,4,0.2263
FL01040,UL723,BTC,KCT,21,78,4,11,fog,8,0.5073
FL01041,FD534,JAF,BTC,0,112,2,10,fog,4,0.3047
FL01042,UL730,BTC,GIU,7,269,5,3,thunderstorm,1,0.4367
FL01043,FD144,KCT,JAF,6,191,5,3,clear,2,0.1136
FL01044,UL692,GIU,MNH,21,146,6,8,heavy_rain,8,0.5194
FL01045,AK943,GIU,JAF,16,147,3,9,heavy_rain,6,0.3362
FL01046,UL684,BTC,HRI,15,176,2,7,thunderstorm,4,0.5523
FL01047,EK269,GIU,HRI,15,202,5,3,fog,5,0.2751
FL01048,SQ634,SWA,KCT,3,228,4,11,heavy_rain,5,0.4629
FL01049,QR428,MNH,CMB,18,144,0,3,fog,0,0.0145
FL01050,FD191,KCT,BTC,5,62,2,1,clear,3,0.3429
FL01051,QR747,CMB,BTC,14,172,6,9,storm,7,0.709
FL01052,SQ931,BTC,GIU,18,257,2,7,rain,6,0.3686
FL01053,QR443,KCT,MNH,13,88,5,9,rain,7,0.4939
FL01054,AK101,TRR,JAF,4,49,1,3,heavy_rain,2,0.2207
FL01055,SQ887,KCT,HRI,7,277,1,11,rain,3,0.2993
FL01056,EK558,SWA,GIU,17,187,0,8,rain,4,0.3193
FL01057,EK554,BTC,HRI,4,271,1,4,fog,4,0.4412
FL01058,UL859,BTC,TRR,17,104,4,10,heavy_rain,6,0.3093
FL01059,UL480,MNH,JAF,3,116,3,6,thunderstorm,4,0.6184
FL01060,UL884,MNH,GIU,20,163,6,8,thunderstorm,4,0.6002
FL01061,UL652,CMB,KCT,21,89,4,9,heavy_rain,5,0.3937
FL01062,QR784,HRI,GIU,14,71,0,8,heavy_rain,7,0.4534
FL01063,EK709,CMB,BTC,14,104,0,7,rain,5,0.3039
FL01064,EK114,KCT,SWA,13,130,3,5,thunderstorm,7,0.7768
FL01065,FD470,HRI,CMB,6,50,3,4,rain,4,0.3736
FL01066,UL947,GIU,MNH,3,153,4,12,clear,7,0.4738
FL01067,FD793,HRI,GIU,15,209,3,12,fog,3,0.27
FL01068,EK818,GIU,SWA,20,85,0,9,heavy_rain,3,0.223
FL01069,AK947,SWA,HRI,14,72,2,2,thunderstorm,5,0.6231
FL01070,AK300,MNH,KCT,18,99,1,8,thunderstorm,5,0.6831
FL01071,FD238,JAF,SWA,16,58,6,5,thunderstorm,1,0.3824
FL01072,SQ696,MNH,TRR,13,263,6,3,clear,8,0.4471
FL01073,AK223,JAF,KCT,9,199,0,1,storm,1,0.3868
FL01074,EK194,GIU,JAF,22,205,2,5,storm,5,0.7714
FL01075,UL138,KCT,MNH,11,213,2,1,thunderstorm,4,0.5413
FL01076,FD792,JAF,SWA,16,139,3,6,clear,4,0.3006
FL01077,UL768,JAF,TRR,15,185,2,6,clear,7,0.4137
FL01078,EK614,GIU,TRR,17,63,5,1,heavy_rain,7,0.3583
FL01079,QR517,HRI,TRR,17,61,4,2,heavy_rain,3,0.2913
FL01080,QR241,HRI,KCT,22,131,1,12,thunderstorm,4,0.6505
FL01081,FD785,MNH,TRR,11,250,2,2,clear,0,0.0292
FL01082,EK212,GIU,HRI,18,235,3,11,thunderstorm,7,0.7178
FL01083,QR644,KCT,TRR,18,139,3,11,thunderstorm,5,0.6157
FL01084,EK760,GIU,KCT,23,143,1,10,fog,1,0.2954
FL01085,UL750,JAF,BTC,11,203,2,12,clear,8,0.42
FL01086,QR844,HRI,CMB,9,203,5,4,thunderstorm,8,0.8234
FL01087,QR377,BTC,TRR,21,259,6,7,thunderstorm,1,0.4866
FL01088,SQ197,CMB,TRR,21,85,5,10,fog,4,0.273
FL01089,SQ344,CMB,MNH,2,58,5,7,fog,1,0.2567
FL01090,SQ690,GIU,TRR,21,244,5,8,storm,1,0.4023
FL01091,QR484,HRI,CMB,7,44,3,4,thunderstorm,1,0.4097
FL01092,FD443,MNH,KCT,5,110,5,10,fog,2,0.3361
FL01093,EK863,MNH,GIU,17,57,0,2,rain,6,0.4818
FL01094,SQ832,TRR,MNH,16,88,5,10,heavy_rain,0,0.0827
FL01095,EK183,KCT,HRI,1,183,2,7,rain,2,0.3018
FL01096,QR994,SWA,JAF,16,118,3,8,rain,1,0.1382
FL01097,UL553,GIU,JAF,20,258,0,1,rain,6,0.4478
FL01098,UL899,HRI,SWA,22,52,1,2,fog,7,0.5166
FL01099,EK404,KCT,BTC,0,106,6,1,rain,1,0.2705
FL01100,UL149,MNH,CMB,21,99,6,6,heavy_rain,0,0.1089
FL01101,AK469,MNH,HRI,12,226,3,5,fog,2,0.1643
FL01102,UL314,TRR,KCT,2,176,0,8,heavy_rain,1,0.2684
FL01103,AK684,MNH,GIU,2,119,0,12,rain,7,0.5337
FL01104,FD147,BTC,KCT,11,94,2,7,heavy_rain,6,0.3102
FL01105,EK122,BTC,SWA,22,275,4,8,heavy_rain,6,0.4933
FL01106,UL377,HRI,BTC,11,158,0,6,storm,2,0.4819
FL01107,FD930,SWA,KCT,12,158,3,11,fog,6,0.3617
FL01108,EK232,MNH,KCT,6,161,5,12,rain,6,0.4254
FL01109,UL996,HRI,GIU,22,163,0,12,thunderstorm,2,0.5168
FL01110,QR102,TRR,MNH,13,222,0,6,clear,5,0.3038
FL01111,QR219,GIU,MNH,13,101,2,9,clear,8,0.4628
FL01112,EK734,GIU,HRI,21,187,6,10,heavy_rain,7,0.3901
FL01113,FD602,GIU,TRR,0,237,6,2,thunderstorm,5,0.6739
FL01114,FD179,MNH,JAF,3,238,5,10,heavy_rain,1,0.1695
FL01115,AK101,JAF,CMB,1,160,6,6,clear,2,0.3468
FL01116,EK223,BTC,KCT,17,130,5,4,thunderstorm,1,0.4718
FL01117,SQ710,SWA,TRR,8,75,1,3,storm,3,0.5004
FL01118,SQ750,KCT,BTC,11,171,6,6,thunderstorm,7,0.6661
FL01119,SQ215,MNH,TRR,0,73,6,1,clear,5,0.4549
FL01120,SQ253,JAF,MNH,17,121,4,2,thunderstorm,3,0.5969
FL01121,FD205,BTC,GIU,2,250,1,9,storm,5,0.7419
FL01122,AK501,SWA,JAF,6,214,1,6,clear,1,0.1202
FL01123,UL464,GIU,CMB,18,278,6,10,thunderstorm,2,0.4656
FL01124,EK663,CMB,HRI,16,226,3,8,storm,5,0.5958
FL01125,FD730,GIU,CMB,4,87,3,8,heavy_rain,6,0.5272
FL01126,QR802,KCT,SWA,0,261,1,6,heavy_rain,8,0.6138
FL01127,UL683,JAF,SWA,12,244,6,12,thunderstorm,0,0.3617
FL01128,QR103,BTC,JAF,1,271,0,12,heavy_rain,5,0.4234
FL01129,AK831,HRI,TRR,22,60,2,2,fog,5,0.3551
FL01130,FD183,HRI,JAF,12,169,0,10,heavy_rain,0,0.137
FL01131,QR993,JAF,SWA,13,125,1,2,clear,1,0.0688
FL01132,FD896,CMB,HRI,15,191,2,11,fog,0,0.0387
FL01133,QR897,SWA,TRR,15,127,6,4,storm,4,0.6362
FL01134,UL426,BTC,MNH,3,246,3,10,fog,1,0.1859
FL01135,FD878,SWA,BTC,8,190,6,8,clear,1,0.1972
FL01136,QR169,TRR,BTC,6,242,5,5,heavy_rain,7,0.4432
FL01137,UL482,TRR,GIU,4,82,1,11,fog,8,0.577
FL01138,EK542,KCT,TRR,17,235,3,2,thunderstorm,3,0.5889
FL01139,AK913,KCT,SWA,21,125,3,11,storm,0,0.3265
FL01140,UL714,BTC,TRR,22,171,3,3,storm,3,0.5623
FL01141,SQ730,HRI,GIU,7,246,6,8,rain,0,0.1575
FL01142,SQ729,GIU,BTC,19,225,2,4,storm,0,0.3307
FL01143,AK257,KCT,BTC,10,180,6,8,heavy_rain,4,0.3021
FL01144,UL767,KCT,TRR,0,228,5,11,clear,3,0.3801
FL01145,AK935,JAF,GIU,7,218,5,2,storm,4,0.5325
FL01146,UL110,MNH,JAF,5,259,0,8,heavy_rain,8,0.5803
FL01147,FD919,HRI,SWA,22,141,1,1,thunderstorm,5,0.6889
FL01148,UL279,CMB,KCT,14,159,4,12,clear,0,0.0691
FL01149,FD615,TRR,BTC,16,91,2,12,thunderstorm,2,0.4556
FL01150,EK832,HRI,CMB,20,258,3,5,heavy_rain,0,0.0576
FL01151,QR273,BTC,HRI,23,92,4,3,thunderstorm,7,0.7544
FL01152,FD939,CMB,BTC,6,204,0,5,thunderstorm,1,0.4637
FL01153,EK634,KCT,GIU,11,97,2,12,rain,0,0.1611
FL01154,SQ707,HRI,MNH,14,268,5,6,storm,7,0.7951
FL01155,SQ113,GIU,TRR,23,239,6,8,heavy_rain,7,0.5401
FL01156,QR763,HRI,GIU,11,148,5,8,rain,0,0.1286
FL01157,AK242,KCT,MNH,2,246,0,10,rain,4,0.4418
FL01158,AK579,MNH,HRI,2,54,5,11,clear,8,0.6231
FL01159,AK441,JAF,GIU,2,214,1,2,thunderstorm,5,0.7558
FL01160,FD869,JAF,KCT,19,141,0,2,thunderstorm,2,0.5104
FL01161,SQ211,SWA,JAF,15,158,5,7,fog,5,0.2911
FL01162,QR923,MNH,SWA,5,268,5,5,heavy_rain,0,0.1892
FL01163,QR471,KCT,MNH,1,163,1,8,storm,1,0.5951
FL01164,QR374,MNH,SWA,4,134,2,9,thunderstorm,2,0.6211
FL01165,QR190,GIU,HRI,4,129,3,2,rain,7,0.6483
FL01166,SQ802,MNH,JAF,17,75,6,12,thunderstorm,1,0.4679
FL01167,SQ896,HRI,CMB,20,228,0,9,rain,4,0.3106
FL01168,UL503,TRR,HRI,11,165,0,9,fog,1,0.1126
FL01169,SQ471,BTC,TRR,8,177,0,9,clear,2,0.1766
FL01170,UL142,SWA,CMB,7,229,3,8,heavy_rain,8,0.4349
FL01171,AK453,KCT,CMB,13,64,2,1,fog,4,0.3438
FL01172,FD765,BTC,CMB,21,190,2,7,rain,4,0.3552
FL01173,SQ128,TRR,GIU,5,181,5,10,fog,5,0.404
FL01174,EK709,CMB,JAF,19,152,3,8,fog,8,0.485
FL01175,UL328,BTC,TRR,5,111,5,3,heavy_rain,0,0.1667
FL01176,UL151,JAF,GIU,15,163,2,7,rain,7,0.4092
FL01177,AK931,HRI,KCT,9,73,0,10,thunderstorm,7,0.748
FL01178,FD590,KCT,MNH,1,262,6,5,rain,2,0.378
FL01179,SQ951,GIU,CMB,12,114,5,9,heavy_rain,0,0.1317
FL01180,SQ442,BTC,SWA,21,254,0,8,heavy_rain,8,0.4854
FL01181,SQ643,GIU,SWA,15,158,0,5,storm,1,0.4257
FL01182,SQ596,JAF,KCT,8,104,1,11,thunderstorm,3,0.4602
FL01183,SQ537,SWA,KCT,22,256,3,12,thunderstorm,4,0.7269
FL01184,FD420,JAF,BTC,9,53,2,9,heavy_rain,0,0.0544
FL01185,FD675,HRI,SWA,12,149,0,7,storm,4,0.5346
FL01186,FD447,JAF,MNH,13,132,3,4,storm,4,0.5336
FL01187,UL326,SWA,GIU,3,87,1,6,fog,3,0.339
FL01188,EK130,HRI,JAF,6,104,1,9,clear,6,0.3512
FL01189,QR230,SWA,CMB,17,69,2,12,thunderstorm,5,0.6561
FL01190,UL870,CMB,SWA,8,96,1,4,heavy_rain,4,0.2061
FL01191,AK889,JAF,GIU,13,275,0,8,fog,3,0.2125
FL01192,SQ508,GIU,MNH,15,54,5,7,thunderstorm,6,0.7298
FL01193,QR797,MNH,BTC,9,101,0,1,storm,5,0.6126
FL01194,QR785,GIU,MNH,0,258,1,9,clear,6,0.4342
FL01195,UL194,CMB,SWA,10,174,1,1,rain,0,0.1503
FL01196,EK893,MNH,BTC,22,192,0,11,storm,2,0.5921
FL01197,FD525,KCT,GIU,21,269,2,8,heavy_rain,2,0.2139
FL01198,FD498,GIU,KCT,0,246,4,11,fog,2,0.219
FL01199,QR827,KCT,HRI,4,147,2,8,clear,0,0.1288
FL01200,QR552,CMB,GIU,22,110,3,3,storm,5,0.7952
FL01201,SQ500,BTC,KCT,14,107,3,3,rain,1,0.1239
FL01202,QR919,SWA,MNH,15,119,4,2,thunderstorm,4,0.5837
FL01203,SQ919,GIU,JAF,4,186,2,10,clear,0,0.2035
FL01204,FD760,TRR,GIU,8,109,2,6,clear,0,0.0019
FL01205,FD375,TRR,CMB,11,70,0,6,clear,3,0.1546
FL01206,UL268,MNH,CMB,23,226,6,9,thunderstorm,7,0.848
FL01207,SQ371,TRR,HRI,5,140,2,6,fog,4,0.4221
FL01208,UL202,KCT,TRR,4,109,5,12,rain,1,0.2907
FL01209,QR775,JAF,HRI,18,215,0,11,storm,5,0.5904
FL01210,UL352,BTC,KCT,19,96,0,1,heavy_rain,3,0.2412
FL01211,FD289,MNH,SWA,22,109,2,3,rain,5,0.5296
FL01212,EK990,CMB,HRI,0,83,3,11,heavy_rain,3,0.2964
FL01213,AK317,BTC,SWA,0,195,2,2,clear,2,0.3293
FL01214,FD679,KCT,GIU,3,154,1,4,storm,0,0.4251
FL01215,UL885,TRR,MNH,11,166,3,9,clear,0,0.0046
FL01216,UL571,BTC,SWA,18,193,2,5,fog,6,0.3255
FL01217,UL695,SWA,KCT,11,120,6,10,heavy_rain,1,0.16
FL01218,EK383,KCT,TRR,14,196,0,7,thunderstorm,4,0.5144
FL01219,UL223,CMB,MNH,19,274,5,3,clear,7,0.4234
FL01220,QR375,KCT,BTC,21,216,2,5,storm,7,0.6859
FL01221,FD290,BTC,HRI,18,160,1,6,fog,8,0.4964
FL01222,FD762,MNH,JAF,4,189,5,5,fog,8,0.5045
FL01223,SQ416,MNH,GIU,15,163,6,10,fog,1,0.151
FL01224,SQ859,CMB,TRR,2,242,4,12,rain,8,0.6484
FL01225,SQ657,BTC,JAF,8,205,1,11,rain,4,0.368
FL01226,AK756,JAF,GIU,13,50,6,1,storm,3,0.594
FL01227,UL980,BTC,MNH,15,264,2,12,storm,0,0.3921
FL01228,AK424,CMB,BTC,17,233,1,2,fog,4,0.2258
FL01229,QR181,JAF,TRR,20,221,4,9,storm,5,0.6717
FL01230,QR609,CMB,GIU,16,225,1,4,heavy_rain,6,0.3607
FL01231,QR495,KCT,TRR,2,233,6,9,storm,2,0.5571
FL01232,AK398,BTC,MNH,13,248,1,2,fog,5,0.3868
FL01233,EK347,SWA,TRR,9,70,6,3,clear,8,0.441
FL01234,FD113,BTC,MNH,16,56,1,9,thunderstorm,8,0.7325
FL01235,UL184,JAF,GIU,6,195,6,1,rain,2,0.2618
FL01236,EK816,MNH,HRI,18,185,1,4,thunderstorm,5,0.6648
FL01237,EK755,CMB,BTC,7,226,0,9,thunderstorm,5,0.6804
FL01238,UL367,KCT,GIU,8,139,3,6,storm,0,0.4401
FL01239,SQ658,SWA,KCT,5,139,1,4,rain,0,0.1528
FL01240,QR366,SWA,GIU,10,256,2,1,rain,3,0.3429
FL01241,UL519,TRR,CMB,11,122,4,10,thunderstorm,8,0.7411
FL01242,UL331,HRI,GIU,16,121,6,4,fog,7,0.3683
FL01243,UL444,SWA,MNH,10,200,4,11,heavy_rain,2,0.1009
FL01244,UL661,MNH,SWA,10,212,5,5,fog,0,0.0112
FL01245,AK320,JAF,KCT,19,126,4,2,thunderstorm,0,0.4494
FL01246,QR505,GIU,CMB,13,230,6,1,fog,8,0.4385
FL01247,QR773,KCT,SWA,9,196,4,8,heavy_rain,6,0.341
FL01248,UL581,KCT,CMB,16,252,0,12,rain,6,0.4196
FL01249,FD662,BTC,TRR,16,256,4,7,fog,4,0.2822
FL01250,FD410,TRR,GIU,6,254,4,11,clear,5,0.381
FL01251,SQ347,HRI,CMB,2,83,5,2,thunderstorm,4,0.6453
FL01252,QR899,KCT,SWA,12,235,3,8,rain,0,0.0739
FL01253,SQ504,MNH,KCT,13,182,5,5,heavy_rain,6,0.43
FL01254,EK452,SWA,HRI,6,236,0,7,rain,8,0.5509
FL01255,QR942,SWA,BTC,18,113,6,11,thunderstorm,0,0.359
FL01256,UL426,BTC,KCT,21,244,6,8,heavy_rain,3,0.1635
FL01257,SQ729,BTC,TRR,20,238,2,11,rain,8,0.5792
FL01258,EK422,MNH,TRR,13,95,0,12,clear,4,0.3259
FL01259,QR206,MNH,HRI,23,195,0,8,rain,2,0.3357
FL01260,FD246,SWA,JAF,20,106,3,3,rain,7,0.5477
FL01261,UL181,JAF,SWA,2,90,2,12,rain,5,0.5289
FL01262,SQ839,KCT,BTC,5,151,2,10,storm,6,0.7509
FL01263,SQ386,GIU,CMB,16,45,4,12,fog,2,0.2092
FL01264,EK568,CMB,SWA,6,184,0,10,heavy_rain,6,0.4275
FL01265,SQ919,HRI,KCT,5,40,2,1,rain,0,0.2228
FL01266,SQ139,CMB,JAF,16,117,0,4,heavy_rain,5,0.3512
FL01267,EK554,GIU,MNH,17,217,2,4,clear,8,0.4429
FL01268,FD992,KCT,SWA,23,121,0,2,storm,7,0.8652
FL01269,FD280,CMB,MNH,19,271,3,5,fog,7,0.4154
FL01270,QR420,CMB,HRI,7,256,3,8,fog,4,0.3111
FL01271,SQ749,GIU,KCT,7,126,2,11,heavy_rain,2,0.1072
FL01272,FD295,MNH,GIU,21,199,1,8,rain,1,0.2491
FL01273,QR494,JAF,CMB,0,207,1,9,thunderstorm,3,0.6579
FL01274,SQ709,SWA,GIU,14,140,2,2,thunderstorm,7,0.7167
FL01275,UL419,CMB,BTC,20,109,3,8,heavy_rain,0,0.0975
FL01276,AK390,MNH,TRR,12,65,5,3,heavy_rain,7,0.3528
FL01277,SQ301,MNH,KCT,2,109,5,4,rain,5,0.4521
FL01278,AK123,SWA,CMB,18,61,5,2,storm,6,0.6215
FL01279,QR972,SWA,JAF,14,160,5,1,rain,7,0.4187
FL01280,QR185,MNH,CMB,9,250,2,7,heavy_rain,3,0.1965
FL01281,UL586,BTC,JAF,0,269,5,3,heavy_rain,6,0.4721
FL01282,QR888,BTC,KCT,15,212,4,10,rain,0,0.0759
FL01283,QR409,GIU,SWA,2,57,4,5,thunderstorm,1,0.5307
FL01284,FD141,MNH,JAF,12,235,4,3,rain,4,0.2537
FL01285,EK658,CMB,SWA,18,80,2,7,heavy_rain,1,0.1271
FL01286,AK251,CMB,TRR,17,53,1,10,clear,6,0.3014
FL01287,EK601,KCT,GIU,9,192,6,9,clear,4,0.3464
FL01288,FD909,TRR,KCT,6,158,4,7,thunderstorm,3,0.4516
FL01289,UL109,SWA,GIU,21,127,3,1,thunderstorm,6,0.6973
FL01290,EK245,JAF,CMB,22,188,6,3,clear,3,0.3161
FL01291,FD501,BTC,KCT,14,246,4,9,heavy_rain,0,0.1276
FL01292,FD418,KCT,GIU,1,274,6,9,fog,2,0.2485
FL01293,FD588,GIU,TRR,8,53,5,12,rain,4,0.3739
FL01294,SQ791,MNH,BTC,13,96,6,10,clear,4,0.2668
FL01295,AK252,KCT,JAF,10,123,5,7,heavy_rain,2,0.1381
FL01296,FD978,SWA,TRR,5,119,4,4,clear,4,0.4155
FL01297,QR308,BTC,MNH,17,163,4,9,fog,3,0.1839
FL01298,SQ383,BTC,KCT,8,265,1,3,heavy_rain,3,0.1914
FL01299,EK463,GIU,TRR,16,55,0,2,storm,8,0.7524
FL01300,SQ924,CMB,MNH,21,44,1,2,heavy_rain,4,0.2035
FL01301,FD263,KCT,JAF,6,198,4,3,clear,3,0.2864
FL01302,SQ263,GIU,SWA,11,54,6,12,thunderstorm,2,0.5216
FL01303,QR648,KCT,SWA,2,100,0,7,clear,5,0.4611
FL01304,QR384,GIU,CMB,1,90,4,4,fog,1,0.2524
FL01305,AK223,GIU,MNH,19,209,3,1,clear,2,0.191
FL01306,FD489,JAF,TRR,20,195,5,9,rain,3,0.336
FL01307,SQ908,JAF,KCT,12,120,6,4,rain,4,0.288
FL01308,EK972,KCT,GIU,6,99,6,6,rain,3,0.2312
FL01309,UL474,MNH,SWA,21,150,5,10,thunderstorm,2,0.5054
FL01310,UL695,GIU,SWA,17,118,6,8,heavy_rain,7,0.4868
FL01311,SQ856,CMB,MNH,3,250,3,7,rain,2,0.2832
FL01312,EK930,CMB,HRI,13,258,0,1,rain,5,0.3502
FL01313,UL537,HRI,SWA,15,125,6,3,thunderstorm,5,0.559
FL01314,FD187,KCT,GIU,23,202,5,4,thunderstorm,5,0.6655
FL01315,UL476,MNH,TRR,12,252,3,10,heavy_rain,5,0.358
FL01316,SQ840,SWA,CMB,17,250,2,1,thunderstorm,8,0.7288
FL01317,UL934,MNH,BTC,5,65,3,7,heavy_rain,3,0.2523
FL01318,AK421,CMB,SWA,14,106,5,4,clear,5,0.3379
FL01319,UL241,JAF,TRR,20,126,6,7,thunderstorm,2,0.4324
FL01320,EK119,MNH,KCT,21,266,3,8,thunderstorm,3,0.5823
FL01321,QR612,GIU,KCT,13,197,1,10,storm,2,0.4537
FL01322,UL449,GIU,TRR,7,277,1,2,rain,0,0.1501
FL01323,SQ306,TRR,KCT,23,206,1,5,heavy_rain,6,0.4516
FL01324,UL394,SWA,HRI,9,219,5,7,rain,7,0.4715
FL01325,AK833,BTC,SWA,13,143,3,1,thunderstorm,7,0.7754
FL01326,FD246,HRI,KCT,13,79,0,10,thunderstorm,8,0.7059
FL01327,FD832,BTC,MNH,18,127,1,9,rain,5,0.3247
FL01328,QR748,GIU,MNH,16,225,1,7,storm,6,0.7275
FL01329,FD249,SWA,GIU,16,118,6,3,storm,1,0.3782
FL01330,AK275,JAF,TRR,23,199,6,8,heavy_rain,3,0.3664
FL01331,QR827,BTC,CMB,2,161,3,4,rain,7,0.6005
FL01332,SQ354,KCT,MNH,10,187,1,12,storm,0,0.4394
FL01333,FD190,KCT,GIU,18,242,6,6,storm,7,0.7087
FL01334,UL262,CMB,MNH,20,260,1,7,clear,1,0.143
FL01335,QR633,SWA,HRI,11,181,6,1,thunderstorm,6,0.6358
FL01336,AK185,BTC,KCT,18,266,3,5,heavy_rain,1,0.1986
FL01337,FD847,MNH,KCT,3,103,1,5,rain,8,0.6545
FL01338,FD424,KCT,CMB,0,61,2,6,storm,2,0.5606
FL01339,AK385,KCT,SWA,2,271,1,6,fog,5,0.4143
FL01340,AK789,HRI,CMB,14,201,5,12,clear,7,0.4832
FL01341,SQ134,JAF,MNH,4,178,1,5,rain,3,0.3318
FL01342,UL484,MNH,GIU,18,108,5,7,clear,3,0.26
FL01343,FD486,BTC,JAF,19,268,0,5,fog,2,0.219
FL01344,QR240,MNH,GIU,2,271,0,2,fog,3,0.2744
FL01345,UL742,GIU,TRR,11,221,1,4,rain,8,0.4927
FL01346,UL932,KCT,TRR,5,160,6,5,fog,0,0.2085
FL01347,UL405,BTC,MNH,19,61,4,5,heavy_rain,7,0.3786
FL01348,FD842,JAF,GIU,7,78,5,7,thunderstorm,6,0.7152
FL01349,UL856,GIU,TRR,10,142,3,4,fog,3,0.1531
FL01350,UL659,TRR,CMB,17,98,3,9,fog,4,0.243
FL01351,SQ840,TRR,SWA,5,181,2,5,storm,6,0.7276
FL01352,FD667,CMB,BTC,4,104,1,3,fog,1,0.1826
FL01353,AK503,CMB,JAF,11,219,6,9,fog,0,0.1481
FL01354,SQ797,MNH,GIU,8,271,1,10,storm,6,0.7328
FL01355,UL256,SWA,CMB,19,53,0,9,heavy_rain,6,0.3849
FL01356,FD371,SWA,TRR,10,87,5,2,clear,8,0.5104
FL01357,FD433,HRI,GIU,16,224,0,9,heavy_rain,8,0.4994
FL01358,SQ729,JAF,KCT,2,261,1,8,rain,2,0.3705
FL01359,FD297,TRR,SWA,19,60,5,2,rain,4,0.3313
FL01360,QR419,JAF,KCT,15,78,0,1,rain,8,0.5188
FL01361,UL717,HRI,JAF,17,73,1,3,heavy_rain,4,0.2715
FL01362,FD135,HRI,TRR,14,268,2,5,heavy_rain,5,0.2714
FL01363,AK572,GIU,TRR,12,226,5,11,thunderstorm,0,0.4365
FL01364,AK189,GIU,HRI,2,157,0,1,fog,4,0.4456
FL01365,QR618,BTC,MNH,3,235,5,8,rain,2,0.2653
FL01366,AK844,KCT,SWA,6,258,4,8,rain,7,0.4046
FL01367,SQ364,HRI,GIU,4,172,2,8,storm,2,0.5063
FL01368,QR518,BTC,JAF,22,267,1,4,fog,1,0.1803
FL01369,EK189,SWA,MNH,12,43,6,9,clear,4,0.271
FL01370,FD343,JAF,TRR,2,183,0,11,heavy_rain,0,0.1001
FL01371,AK402,GIU,TRR,15,129,0,6,rain,3,0.2304
FL01372,EK409,KCT,SWA,4,162,5,10,storm,0,0.481
FL01373,FD568,MNH,HRI,22,119,5,12,clear,7,0.5739
FL01374,FD472,JAF,GIU,23,266,1,2,clear,8,0.5154
FL01375,AK736,BTC,TRR,9,211,6,6,thunderstorm,6,0.6076
FL01376,FD357,GIU,CMB,15,159,2,4,clear,5,0.2928
FL01377,UL624,JAF,SWA,17,42,6,5,clear,2,0.114
FL01378,SQ406,JAF,KCT,17,237,2,6,thunderstorm,0,0.4423
FL01379,EK273,HRI,CMB,11,170,1,4,rain,8,0.4616
FL01380,SQ741,JAF,SWA,13,95,2,7,fog,2,0.1304
FL01381,EK987,TRR,HRI,18,72,6,4,thunderstorm,8,0.7392
FL01382,AK980,CMB,JAF,21,121,1,11,storm,6,0.6943
FL01383,UL452,TRR,JAF,14,118,4,5,thunderstorm,7,0.6752
FL01384,QR896,CMB,TRR,15,181,5,5,rain,0,0.1997
FL01385,SQ227,SWA,CMB,15,257,1,9,heavy_rain,4,0.3219
FL01386,UL469,BTC,GIU,1,156,2,9,fog,7,0.5925
FL01387,SQ509,HRI,BTC,6,152,6,4,fog,4,0.3316
FL01388,SQ858,MNH,HRI,17,188,0,1,rain,8,0.4721
FL01389,FD701,GIU,SWA,6,195,1,1,storm,3,0.5364
FL01390,SQ291,HRI,TRR,13,160,2,11,thunderstorm,0,0.3558
FL01391,SQ693,HRI,JAF,8,128,2,6,storm,2,0.5146
FL01392,QR470,SWA,HRI,3,179,6,5,heavy_rain,1,0.2613
FL01393,UL230,HRI,KCT,19,264,0,2,rain,5,0.3377
FL01394,EK968,MNH,SWA,19,142,6,8,fog,1,0.1408
FL01395,FD441,BTC,MNH,4,54,0,6,heavy_rain,5,0.3605
FL01396,FD196,HRI,BTC,10,75,2,6,heavy_rain,2,0.1667
FL01397,AK842,KCT,HRI,7,185,2,9,rain,7,0.532
FL01398,QR932,BTC,GIU,10,105,3,11,storm,3,0.4906
FL01399,UL806,CMB,BTC,21,130,5,1,storm,0,0.3181
FL01400,QR813,CMB,TRR,10,270,1,2,fog,1,0.1596
FL01401,EK209,BTC,TRR,4,263,6,12,clear,5,0.3949
FL01402,FD919,SWA,GIU,10,106,1,6,thunderstorm,6,0.6652
FL01403,FD896,GIU,TRR,21,116,2,6,rain,8,0.5635
FL01404,FD296,GIU,JAF,6,171,5,5,storm,2,0.5406
FL01405,AK711,TRR,GIU,14,223,3,10,thunderstorm,6,0.6692
FL01406,SQ282,JAF,BTC,11,228,0,8,clear,3,0.1667
FL01407,UL649,SWA,GIU,5,85,0,12,fog,8,0.6345
FL01408,SQ605,GIU,KCT,11,259,5,5,fog,4,0.2036
FL01409,EK564,KCT,HRI,13,147,5,4,storm,6,0.6382
FL01410,FD381,CMB,BTC,3,134,1,8,heavy_rain,8,0.5149
FL01411,FD238,BTC,SWA,23,238,3,10,clear,1,0.2911
FL01412,AK460,JAF,CMB,15,211,5,5,heavy_rain,1,0.0884
FL01413,FD955,GIU,JAF,6,103,2,10,storm,3,0.4822
FL01414,FD870,HRI,GIU,16,245,3,9,fog,6,0.3494
FL01415,FD685,SWA,MNH,20,206,4,8,thunderstorm,0,0.3032
FL01416,UL693,CMB,TRR,19,162,2,1,storm,6,0.7313
FL01417,FD630,HRI,SWA,3,54,5,11,clear,4,0.4017
FL01418,QR731,JAF,TRR,12,148,6,2,fog,4,0.3415
FL01419,FD226,MNH,JAF,13,143,1,2,clear,7,0.4846
FL01420,SQ557,GIU,BTC,23,69,6,1,rain,5,0.5259
FL01421,UL852,KCT,CMB,3,233,1,4,storm,1,0.5147
FL01422,QR661,HRI,BTC,19,155,6,8,storm,6,0.6017
FL01423,UL194,MNH,CMB,22,97,4,5,fog,4,0.3271
FL01424,FD146,CMB,KCT,16,129,6,6,fog,5,0.3792
FL01425,QR131,SWA,MNH,1,144,4,10,thunderstorm,8,0.879
FL01426,AK770,MNH,BTC,1,240,3,9,heavy_rain,7,0.5777
FL01427,QR389,CMB,KCT,19,228,4,2,clear,7,0.396
FL01428,UL173,CMB,HRI,21,134,0,9,storm,2,0.4913
FL01429,AK793,CMB,MNH,8,129,2,11,heavy_rain,4,0.227
FL01430,AK771,KCT,TRR,10,55,3,6,clear,8,0.4366
FL01431,AK747,GIU,SWA,14,40,3,9,storm,8,0.8281
FL01432,SQ106,BTC,JAF,17,110,5,3,thunderstorm,5,0.6753
FL01433,FD349,JAF,CMB,23,180,2,12,thunderstorm,7,0.8914
FL01434,QR204,SWA,GIU,16,137,6,11,storm,5,0.6624
FL01435,AK405,GIU,MNH,15,134,6,10,heavy_rain,3,0.2677
FL01436,QR898,HRI,SWA,2,96,0,10,clear,5,0.4406
FL01437,UL118,HRI,CMB,12,241,1,2,storm,1,0.4668
FL01438,QR404,SWA,KCT,21,274,1,4,heavy_rain,4,0.3439
FL01439,SQ335,MNH,HRI,6,170,4,5,storm,2,0.4672
FL01440,UL178,BTC,TRR,0,88,5,8,fog,7,0.5749
FL01441,AK417,GIU,CMB,6,62,5,10,storm,8,0.7859
FL01442,EK104,HRI,JAF,18,225,4,9,rain,4,0.2853
FL01443,QR480,CMB,KCT,5,56,1,6,fog,8,0.6032
FL01444,AK355,HRI,MNH,23,43,3,12,thunderstorm,0,0.4324
FL01445,SQ685,GIU,MNH,14,183,4,11,storm,1,0.4026
FL01446,EK667,KCT,GIU,22,275,0,6,thunderstorm,2,0.5742
FL01447,QR280,GIU,HRI,18,265,6,11,storm,5,0.6312
FL01448,UL680,JAF,KCT,17,219,3,2,storm,8,0.7255
FL01449,SQ769,MNH,JAF,0,88,4,4,thunderstorm,5,0.7737
FL01450,FD149,BTC,HRI,13,242,0,10,clear,5,0.3528
FL01451,QR986,BTC,HRI,7,223,1,3,clear,6,0.3598
FL01452,AK248,BTC,SWA,8,40,1,9,storm,2,0.484
FL01453,SQ693,SWA,BTC,20,191,3,11,clear,0,0.0998
FL01454,AK982,JAF,KCT,2,212,5,9,thunderstorm,4,0.6868
FL01455,QR900,HRI,GIU,14,256,0,4,thunderstorm,1,0.4273
FL01456,AK257,KCT,CMB,5,173,4,12,rain,5,0.4972
FL01457,EK667,HRI,MNH,23,134,5,9,heavy_rain,5,0.3532
FL01458,AK450,KCT,TRR,11,204,5,1,thunderstorm,8,0.7887
FL01459,EK533,JAF,GIU,21,214,2,11,rain,8,0.5432
FL01460,UL988,MNH,HRI,17,52,3,9,rain,0,0.0995
FL01461,SQ124,GIU,MNH,20,174,3,7,heavy_rain,0,0.0487
FL01462,EK980,MNH,BTC,1,90,5,8,fog,8,0.6432
FL01463,AK343,JAF,CMB,19,120,0,10,clear,4,0.269
FL01464,SQ164,KCT,JAF,14,176,5,7,fog,4,0.2111
FL01465,FD516,TRR,MNH,7,166,2,6,thunderstorm,8,0.7038
FL01466,UL755,KCT,CMB,7,104,0,3,heavy_rain,8,0.4653
FL01467,EK964,TRR,HRI,17,58,2,4,fog,2,0.2345
FL01468,QR598,MNH,JAF,10,239,1,11,thunderstorm,8,0.7654
FL01469,EK285,MNH,TRR,1,122,1,10,rain,6,0.5717
FL01470,EK800,CMB,TRR,21,93,3,11,storm,3,0.5583
FL01471,AK772,CMB,BTC,14,141,2,7,fog,7,0.4598
FL01472,QR905,KCT,MNH,21,44,0,11,rain,6,0.4673
FL01473,UL681,HRI,JAF,6,102,5,10,thunderstorm,6,0.6316
FL01474,SQ696,BTC,JAF,12,182,4,3,heavy_rain,0,0.0103
FL01475,QR719,JAF,GIU,17,227,4,10,heavy_rain,7,0.466
FL01476,FD533,JAF,CMB,19,92,3,6,fog,2,0.1692
FL01477,UL684,HRI,CMB,3,57,1,1,rain,3,0.404
FL01478,QR155,KCT,CMB,23,49,6,12,rain,3,0.3921
FL01479,AK659,JAF,HRI,21,125,2,8,rain,5,0.3878
FL01480,SQ595,KCT,CMB,8,149,1,8,fog,0,0.0114
FL01481,UL474,MNH,GIU,0,71,4,11,fog,1,0.1501
FL01482,UL316,SWA,MNH,9,228,3,7,rain,0,0.1236
FL01483,AK150,SWA,GIU,2,197,6,8,thunderstorm,7,0.7966
FL01484,FD898,KCT,MNH,11,174,5,7,rain,2,0.2046
FL01485,UL791,BTC,KCT,20,46,0,1,fog,4,0.2333
FL01486,QR172,JAF,CMB,17,183,4,5,clear,5,0.3951
FL01487,FD204,HRI,KCT,16,245,5,1,clear,3,0.2539
FL01488,SQ404,KCT,MNH,19,123,6,9,storm,6,0.7401
FL01489,SQ662,TRR,BTC,5,123,1,11,fog,0,0.1523
FL01490,FD900,TRR,HRI,16,225,1,10,heavy_rain,2,0.2154
FL01491,AK786,HRI,JAF,10,182,0,7,fog,4,0.2773
FL01492,EK601,MNH,HRI,4,227,2,7,clear,1,0.2479
FL01493,SQ149,HRI,KCT,20,131,2,7,thunderstorm,4,0.5609
FL01494,UL369,TRR,KCT,16,52,3,11,rain,8,0.5423
FL01495,FD370,MNH,HRI,2,108,4,1,clear,6,0.4224
FL01496,FD592,MNH,KCT,22,177,0,10,thunderstorm,1,0.4586
FL01497,EK597,TRR,BTC,21,179,5,7,storm,8,0.8395
FL01498,QR267,TRR,SWA,15,126,6,8,rain,6,0.4391
FL01499,UL693,HRI,BTC,0,158,2,11,rain,2,0.3423
FL01500,UL267,JAF,KCT,9,78,6,12,rain,3,0.2857
FL01501,QR756,MNH,BTC,23,187,1,10,thunderstorm,2,0.5885
FL01502,AK865,CMB,BTC,3,238,0,12,heavy_rain,3,0.2909
FL01503,SQ531,HRI,CMB,7,50,6,4,heavy_rain,5,0.2645
FL01504,QR347,CMB,MNH,10,241,6,3,fog,7,0.3951
FL01505,AK187,SWA,TRR,8,127,5,8,rain,8,0.549
FL01506,AK743,TRR,BTC,15,151,1,5,thunderstorm,8,0.8241
FL01507,AK663,JAF,KCT,22,130,3,7,rain,8,0.558
FL01508,FD723,HRI,BTC,10,267,6,10,storm,8,0.7687
FL01509,UL240,SWA,MNH,4,224,1,6,rain,4,0.4017
FL01510,EK858,JAF,SWA,9,271,0,4,thunderstorm,4,0.5385
FL01511,FD105,KCT,JAF,0,100,2,7,clear,6,0.5252
FL01512,UL112,CMB,BTC,10,105,1,5,thunderstorm,6,0.7437
FL01513,EK967,SWA,CMB,15,199,0,11,clear,5,0.2756
FL01514,UL239,BTC,TRR,13,192,5,5,clear,4,0.3065
FL01515,AK439,BTC,MNH,9,222,1,7,thunderstorm,2,0.4595
FL01516,EK817,GIU,KCT,8,271,6,2,thunderstorm,1,0.4231
FL01517,AK767,TRR,CMB,9,179,4,12,rain,3,0.2153
FL01518,FD261,KCT,SWA,10,204,3,6,storm,7,0.7292
FL01519,EK255,SWA,HRI,23,122,2,11,heavy_rain,1,0.2829
FL01520,FD732,BTC,SWA,17,233,3,5,rain,4,0.2717
FL01521,AK508,KCT,MNH,5,149,6,12,clear,7,0.5666
FL01522,QR917,GIU,SWA,22,76,0,12,heavy_rain,7,0.5521
FL01523,EK149,TRR,GIU,17,81,6,4,rain,2,0.2539
FL01524,QR141,SWA,BTC,22,247,4,9,clear,8,0.6414
FL01525,QR520,BTC,MNH,8,59,3,2,rain,2,0.2533
FL01526,EK719,TRR,GIU,1,248,6,12,thunderstorm,2,0.5509
FL01527,UL985,HRI,MNH,4,90,6,9,heavy_rain,5,0.4839
FL01528,UL934,MNH,JAF,9,279,1,5,storm,7,0.7651
FL01529,AK688,CMB,JAF,9,154,6,8,fog,4,0.2847
FL01530,SQ792,BTC,MNH,13,42,4,7,rain,6,0.3892
FL01531,QR561,SWA,HRI,12,229,2,6,heavy_rain,3,0.1537
FL01532,EK433,KCT,SWA,0,230,4,10,clear,0,0.234
FL01533,SQ777,GIU,BTC,3,164,6,5,thunderstorm,8,0.8178
FL01534,EK333,BTC,JAF,22,69,5,9,thunderstorm,7,0.8807
FL01535,QR189,GIU,SWA,20,172,6,9,clear,5,0.3299
FL01536,AK927,BTC,SWA,3,115,0,11,thunderstorm,3,0.6982
FL01537,UL389,MNH,HRI,2,232,3,11,rain,8,0.6039
FL01538,QR160,JAF,SWA,5,210,0,11,rain,4,0.4948
FL01539,UL902,MNH,JAF,11,113,6,8,fog,6,0.45
FL01540,EK948,KCT,JAF,9,128,5,11,clear,1,0.0958
FL01541,FD313,HRI,TRR,6,220,1,11,storm,1,0.4278
FL01542,EK785,KCT,MNH,23,128,4,3,clear,5,0.472
FL01543,FD367,TRR,SWA,8,76,4,11,thunderstorm,7,0.7473
FL01544,UL507,JAF,TRR,10,183,3,1,storm,0,0.3826
FL01545,EK995,JAF,HRI,4,168,4,2,storm,5,0.7795
FL01546,AK640,SWA,HRI,7,152,0,1,heavy_rain,1,0.0677
FL01547,QR507,GIU,JAF,11,271,6,3,rain,2,0.2153
FL01548,FD651,BTC,KCT,4,279,3,6,rain,1,0.321
FL01549,QR993,MNH,BTC,15,53,3,7,rain,1,0.2125
FL01550,FD280,CMB,BTC,19,62,4,6,rain,1,0.1822
FL01551,EK194,MNH,SWA,1,87,1,4,heavy_rain,2,0.2761
FL01552,UL338,SWA,GIU,20,198,0,12,heavy_rain,1,0.1761
FL01553,AK769,SWA,CMB,1,211,1,1,heavy_rain,0,0.1986
FL01554,UL450,BTC,HRI,23,106,0,11,fog,7,0.4696
FL01555,FD135,MNH,BTC,13,186,0,4,rain,4,0.2627
FL01556,QR634,SWA,CMB,7,270,3,7,heavy_rain,0,0.1275
FL01557,SQ489,TRR,HRI,12,78,5,11,clear,3,0.1637
FL01558,FD809,SWA,GIU,6,277,6,5,clear,3,0.2095
FL01559,UL930,TRR,JAF,14,187,2,9,storm,1,0.4272
FL01560,SQ886,HRI,BTC,8,267,4,10,rain,2,0.2861
FL01561,QR490,HRI,SWA,20,162,1,4,thunderstorm,3,0.5297
FL01562,UL239,BTC,SWA,13,261,1,9,clear,4,0.2111
FL01563,UL690,BTC,MNH,21,214,4,4,fog,5,0.3806
FL01564,QR461,CMB,JAF,12,240,1,2,rain,3,0.2135
FL01565,AK952,SWA,KCT,5,230,2,8,thunderstorm,7,0.8937
FL01566,QR880,GIU,KCT,6,242,6,7,thunderstorm,7,0.7259
FL01567,AK839,KCT,HRI,11,139,1,2,storm,1,0.4516
FL01568,AK212,KCT,MNH,19,263,5,4,clear,2,0.2213
FL01569,UL413,CMB,HRI,2,77,6,11,rain,7,0.5357
FL01570,EK263,KCT,HRI,0,263,1,5,fog,6,0.5282
FL01571,EK630,GIU,CMB,9,209,1,12,storm,3,0.4962
FL01572,AK550,KCT,SWA,13,97,6,1,heavy_rain,5,0.3727
FL01573,SQ756,BTC,SWA,4,166,5,4,heavy_rain,4,0.3461
FL01574,FD183,SWA,GIU,17,54,6,4,clear,4,0.2239
FL01575,UL494,CMB,JAF,14,203,0,3,heavy_rain,6,0.3344
FL01576,AK176,MNH,HRI,17,152,4,12,storm,0,0.4258
FL01577,QR786,TRR,BTC,16,229,3,4,storm,0,0.3559
FL01578,AK448,KCT,HRI,21,70,3,5,thunderstorm,8,0.8095
FL01579,AK230,GIU,KCT,5,62,6,2,storm,4,0.6176
FL01580,QR872,MNH,GIU,4,89,1,10,fog,0,0.2244
FL01581,AK232,CMB,GIU,15,117,4,9,heavy_rain,6,0.4003
FL01582,SQ512,JAF,GIU,6,53,3,11,rain,5,0.3041
FL01583,AK664,CMB,GIU,22,250,4,10,storm,8,0.8109
FL01584,QR887,HRI,TRR,18,53,1,11,storm,2,0.4553
FL01585,EK813,KCT,HRI,18,137,0,8,heavy_rain,4,0.2295
FL01586,SQ468,CMB,TRR,2,57,1,3,thunderstorm,4,0.6644
FL01587,SQ741,MNH,BTC,6,218,4,8,heavy_rain,2,0.1483
FL01588,FD874,BTC,SWA,21,63,2,7,fog,2,0.1909
FL01589,FD661,SWA,TRR,16,50,5,11,storm,5,0.6761
FL01590,FD990,BTC,GIU,14,237,1,1,clear,5,0.2653
FL01591,AK138,BTC,GIU,7,192,6,4,storm,7,0.7829
FL01592,UL156,BTC,MNH,16,200,0,11,storm,0,0.3255
FL01593,EK267,KCT,BTC,20,74,6,11,clear,1,0.1989
FL01594,EK963,JAF,SWA,12,246,3,1,thunderstorm,7,0.6865
FL01595,FD398,MNH,BTC,4,204,5,1,rain,8,0.6416
FL01596,UL653,HRI,GIU,7,167,4,8,heavy_rain,4,0.3323
FL01597,SQ884,BTC,GIU,8,150,5,5,clear,2,0.2264
FL01598,SQ892,KCT,HRI,5,109,4,12,thunderstorm,8,0.841
FL01599,FD976,SWA,KCT,20,182,4,6,fog,7,0.3865
FL01600,QR448,CMB,SWA,23,100,4,12,fog,6,0.5289
FL01601,QR167,MNH,BTC,6,258,0,10,heavy_rain,0,0.1037
FL01602,SQ635,TRR,SWA,0,105,3,9,rain,2,0.2557
FL01603,FD719,JAF,GIU,18,105,1,9,heavy_rain,6,0.3744
FL01604,FD406,BTC,HRI,8,153,0,8,heavy_rain,4,0.3177
FL01605,AK722,BTC,MNH,23,110,2,2,thunderstorm,2,0.6012
FL01606,EK370,HRI,TRR,1,59,2,11,heavy_rain,1,0.2843
FL01607,SQ837,CMB,JAF,15,88,4,5,fog,8,0.4568
FL01608,UL514,CMB,HRI,5,41,2,11,storm,6,0.7315
FL01609,SQ490,BTC,KCT,10,223,0,8,thunderstorm,5,0.6724
FL01610,UL869,KCT,CMB,17,165,5,4,heavy_rain,4,0.2165
FL01611,UL567,HRI,BTC,22,102,1,11,thunderstorm,5,0.7048
FL01612,UL366,TRR,MNH,1,95,1,7,clear,2,0.3161
FL01613,EK562,GIU,JAF,7,126,2,11,fog,1,0.106
FL01614,FD585,BTC,HRI,4,78,4,5,storm,8,0.8034
FL01615,QR679,SWA,JAF,18,170,5,8,clear,7,0.4569
FL01616,SQ932,HRI,JAF,1,66,6,12,heavy_rain,8,0.5148
FL01617,EK812,GIU,KCT,10,180,6,6,rain,2,0.2715
FL01618,UL534,TRR,BTC,11,125,4,3,heavy_rain,4,0.3177
FL01619,EK446,GIU,MNH,15,209,5,12,fog,3,0.1973
FL01620,EK251,TRR,HRI,1,131,4,2,clear,8,0.5405
FL01621,UL400,GIU,CMB,2,137,6,8,fog,7,0.4551
FL01622,SQ918,CMB,TRR,17,110,5,11,storm,3,0.4784
FL01623,AK466,CMB,GIU,22,255,6,2,heavy_rain,7,0.4939
FL01624,EK866,TRR,MNH,19,141,3,7,storm,4,0.5971
FL01625,UL940,JAF,BTC,13,168,3,3,clear,5,0.3219
FL01626,SQ875,CMB,BTC,3,125,3,12,storm,0,0.5395
FL01627,EK818,GIU,MNH,16,119,3,5,storm,5,0.561
FL01628,FD198,SWA,JAF,18,256,0,3,rain,1,0.218
FL01629,UL737,TRR,JAF,4,41,2,8,storm,7,0.8073
FL01630,EK545,BTC,HRI,1,258,4,4,thunderstorm,7,0.7536
FL01631,AK300,HRI,GIU,10,189,4,10,heavy_rain,0,0.0471
FL01632,EK149,SWA,TRR,11,47,4,8,fog,0,0.0681
FL01633,QR981,MNH,BTC,20,200,0,2,thunderstorm,1,0.4686
FL01634,UL204,KCT,MNH,20,211,1,4,thunderstorm,4,0.56
FL01635,FD513,MNH,CMB,5,137,2,6,fog,7,0.48
FL01636,UL502,CMB,BTC,18,103,4,9,heavy_rain,5,0.273
FL01637,EK433,JAF,TRR,18,229,6,4,thunderstorm,8,0.8105
FL01638,EK978,TRR,GIU,18,205,4,12,heavy_rain,5,0.3213
FL01639,EK162,TRR,BTC,17,93,0,1,rain,2,0.1935
FL01640,EK261,KCT,CMB,16,154,2,1,storm,6,0.7211
FL01641,QR865,GIU,KCT,8,126,2,3,storm,1,0.4848
FL01642,UL908,SWA,TRR,16,208,3,11,clear,0,0.0394
FL01643,FD653,HRI,GIU,1,150,3,4,fog,8,0.5208
FL01644,SQ254,TRR,BTC,18,238,1,7,rain,1,0.1695
FL01645,EK367,MNH,SWA,12,178,6,7,storm,5,0.6263
FL01646,SQ362,JAF,CMB,16,145,3,10,rain,5,0.4146
FL01647,SQ329,HRI,GIU,22,53,3,7,clear,3,0.3058
FL01648,FD651,KCT,TRR,19,96,4,2,fog,5,0.3511
FL01649,UL810,JAF,GIU,18,153,5,10,clear,7,0.4098
FL01650,UL437,CMB,MNH,9,41,3,4,heavy_rain,3,0.2513
FL01651,AK926,TRR,SWA,16,204,0,3,storm,6,0.6077
FL01652,FD456,HRI,KCT,3,277,0,10,rain,2,0.3376
FL01653,UL522,JAF,SWA,5,45,1,12,heavy_rain,2,0.3017
FL01654,AK748,JAF,TRR,20,174,3,8,fog,7,0.3702
FL01655,FD929,JAF,GIU,2,182,4,3,thunderstorm,1,0.5015
FL01656,AK633,JAF,HRI,9,114,5,4,storm,7,0.6658
FL01657,EK931,KCT,HRI,15,269,2,4,fog,1,0.0736
FL01658,FD308,MNH,TRR,16,41,4,11,fog,0,0.1311
FL01659,SQ872,CMB,KCT,18,71,4,6,rain,5,0.3507
FL01660,AK159,JAF,KCT,7,268,2,3,storm,0,0.3693
FL01661,EK381,HRI,BTC,7,90,6,11,rain,4,0.3165
FL01662,QR771,TRR,HRI,18,125,6,8,rain,5,0.3346
FL01663,AK692,CMB,KCT,13,90,2,11,thunderstorm,1,0.4329
FL01664,UL185,SWA,TRR,4,144,0,4,clear,2,0.2868
FL01665,EK534,KCT,SWA,22,161,4,5,clear,0,0.1297
FL01666,SQ863,SWA,HRI,22,165,2,3,storm,4,0.6173
FL01667,AK984,CMB,MNH,17,248,0,3,heavy_rain,6,0.4299
FL01668,FD106,JAF,BTC,10,126,6,10,thunderstorm,3,0.5193
FL01669,UL720,TRR,SWA,8,112,2,9,clear,0,0.1021
FL01670,EK343,CMB,MNH,4,220,3,4,rain,8,0.6345
FL01671,UL493,MNH,SWA,3,138,1,6,clear,1,0.2137
FL01672,EK162,HRI,GIU,0,254,1,12,clear,0,0.1369
FL01673,EK445,GIU,CMB,21,213,4,5,rain,1,0.2223
FL01674,FD380,MNH,KCT,1,98,4,1,thunderstorm,7,0.8033
FL01675,SQ533,CMB,TRR,9,66,1,12,heavy_rain,1,0.1627
FL01676,UL143,TRR,CMB,19,212,1,4,fog,6,0.4467
FL01677,SQ505,MNH,BTC,12,234,2,5,clear,8,0.5481
FL01678,QR221,BTC,GIU,18,110,0,1,heavy_rain,8,0.4251
FL01679,EK497,KCT,MNH,23,278,4,12,heavy_rain,1,0.2266
FL01680,EK473,TRR,KCT,13,149,2,2,rain,2,0.2773
FL01681,AK510,HRI,TRR,6,246,5,1,heavy_rain,7,0.4688
FL01682,AK426,KCT,TRR,22,108,5,12,heavy_rain,4,0.4115
FL01683,UL828,JAF,GIU,6,56,1,12,fog,6,0.348
FL01684,FD337,TRR,BTC,2,215,4,1,fog,8,0.5558
FL01685,FD372,CMB,JAF,4,251,5,4,rain,2,0.3802
FL01686,AK609,BTC,CMB,18,254,6,5,thunderstorm,2,0.4175
FL01687,UL900,HRI,TRR,22,204,0,12,clear,1,0.266
FL01688,EK518,MNH,HRI,23,122,1,9,fog,1,0.1928
FL01689,EK480,CMB,GIU,3,176,4,2,rain,0,0.1665
FL01690,QR959,KCT,GIU,2,251,0,5,fog,4,0.3274
FL01691,AK944,HRI,MNH,0,50,2,6,thunderstorm,6,0.8283
FL01692,UL337,JAF,KCT,12,224,4,5,fog,3,0.2973
FL01693,EK732,GIU,BTC,11,71,5,4,storm,2,0.465
FL01694,QR477,CMB,TRR,21,214,0,2,clear,4,0.3286
FL01695,EK681,GIU,SWA,3,110,4,8,heavy_rain,3,0.3115
FL01696,AK600,CMB,HRI,18,73,2,2,storm,1,0.3587
FL01697,SQ267,JAF,HRI,11,60,2,9,storm,5,0.5827
FL01698,QR110,SWA,TRR,19,165,2,2,fog,6,0.3341
FL01699,EK469,KCT,HRI,15,76,2,2,heavy_rain,1,0.0771
FL01700,UL735,HRI,GIU,11,77,4,2,rain,8,0.4929
FL01701,SQ960,CMB,TRR,0,124,3,1,heavy_rain,1,0.2451
FL01702,EK738,GIU,SWA,12,176,3,3,clear,8,0.5044
FL01703,EK609,TRR,MNH,22,60,5,6,clear,1,0.2685
FL01704,UL307,CMB,TRR,20,245,6,5,fog,8,0.5421
FL01705,UL976,SWA,HRI,17,257,5,5,storm,8,0.7193
FL01706,AK930,HRI,BTC,14,159,1,10,fog,7,0.4495
FL01707,AK796,MNH,SWA,5,255,1,2,clear,8,0.6054
FL01708,QR756,TRR,HRI,8,265,5,9,heavy_rain,4,0.2503
FL01709,FD160,CMB,KCT,8,183,2,12,thunderstorm,8,0.7721
FL01710,EK943,GIU,SWA,5,65,2,8,rain,8,0.6976
FL01711,EK155,TRR,MNH,7,278,4,9,fog,3,0.2442
FL01712,EK959,SWA,HRI,22,55,5,1,clear,7,0.5068
FL01713,UL479,MNH,CMB,12,83,3,3,heavy_rain,6,0.3893
FL01714,QR433,KCT,SWA,7,100,2,12,storm,8,0.8379
FL01715,AK919,SWA,TRR,0,150,1,10,fog,1,0.2356
FL01716,SQ284,CMB,GIU,13,96,6,5,storm,8,0.821
FL01717,QR747,BTC,JAF,8,268,2,2,storm,0,0.4282
FL01718,UL230,SWA,BTC,9,87,4,11,heavy_rain,4,0.2407
FL01719,SQ653,BTC,GIU,15,132,2,3,heavy_rain,0,0.1026
FL01720,AK859,GIU,SWA,18,211,3,9,heavy_rain,3,0.2726
FL01721,QR418,BTC,TRR,10,238,1,1,storm,8,0.7718
FL01722,QR633,TRR,MNH,22,239,2,6,storm,6,0.8084
FL01723,QR684,MNH,KCT,20,101,4,9,rain,6,0.4672
FL01724,UL168,TRR,BTC,5,65,0,9,fog,7,0.5045
FL01725,EK385,KCT,BTC,21,113,1,3,fog,5,0.3417
FL01726,FD500,BTC,HRI,8,253,4,11,storm,6,0.6494
FL01727,EK581,CMB,GIU,23,48,1,10,heavy_rain,3,0.383
FL01728,UL550,BTC,KCT,5,189,6,6,storm,1,0.508
FL01729,EK173,MNH,TRR,6,92,5,5,fog,1,0.0562
FL01730,AK547,HRI,SWA,5,207,2,6,clear,3,0.3342
FL01731,AK739,KCT,HRI,18,209,6,7,heavy_rain,6,0.3667
FL01732,UL119,SWA,KCT,17,123,2,10,heavy_rain,2,0.1239
FL01733,QR133,HRI,JAF,10,98,1,10,heavy_rain,7,0.4516
FL01734,UL426,TRR,GIU,23,170,1,7,storm,8,0.8106
FL01735,AK145,JAF,KCT,3,234,0,3,storm,6,0.794
FL01736,FD352,SWA,GIU,14,93,6,4,heavy_rain,8,0.4825
FL01737,QR681,BTC,GIU,17,276,6,12,rain,7,0.4847
FL01738,FD753,GIU,SWA,1,181,1,11,clear,3,0.3323
FL01739,UL676,GIU,TRR,4,231,0,10,rain,7,0.5397
FL01740,SQ817,GIU,MNH,4,277,2,6,rain,3,0.3895
FL01741,QR897,BTC,GIU,0,230,6,5,fog,4,0.3161
FL01742,EK524,CMB,HRI,7,131,3,1,clear,6,0.3886
FL01743,UL404,JAF,CMB,12,127,6,3,heavy_rain,4,0.2931
FL01744,QR365,KCT,GIU,0,66,0,7,storm,6,0.8246
FL01745,EK719,BTC,TRR,6,202,2,7,thunderstorm,5,0.6738
FL01746,SQ642,SWA,HRI,6,226,4,4,rain,8,0.5724
FL01747,EK812,KCT,GIU,23,277,2,9,rain,2,0.3256
FL01748,SQ871,JAF,SWA,23,109,3,1,heavy_rain,1,0.1779
FL01749,EK820,HRI,SWA,2,238,6,6,heavy_rain,0,0.2398
FL01750,FD392,HRI,KCT,7,270,1,8,rain,3,0.2257
FL01751,EK634,SWA,CMB,21,239,5,8,heavy_rain,5,0.2877
FL01752,UL738,TRR,BTC,4,190,6,8,fog,4,0.4476
FL01753,FD885,JAF,HRI,0,94,2,7,rain,6,0.4965
FL01754,AK856,MNH,BTC,16,259,0,6,thunderstorm,7,0.7673
FL01755,SQ595,SWA,TRR,19,85,4,2,thunderstorm,1,0.49
FL01756,UL264,GIU,SWA,3,250,4,6,heavy_rain,4,0.3486
FL01757,FD593,BTC,KCT,15,250,4,7,clear,8,0.4473
FL01758,AK750,HRI,MNH,0,222,2,3,storm,4,0.716
FL01759,SQ461,KCT,TRR,12,190,1,3,fog,6,0.3858
FL01760,AK250,CMB,GIU,7,52,3,10,thunderstorm,2,0.5306
FL01761,EK593,GIU,HRI,9,60,3,5,fog,5,0.2909
FL01762,SQ556,GIU,KCT,8,232,6,2,heavy_rain,0,0.0069
FL01763,EK834,KCT,BTC,14,93,4,10,heavy_rain,7,0.4629
FL01764,FD733,HRI,CMB,6,213,3,12,heavy_rain,0,0.122
FL01765,UL150,MNH,KCT,8,220,4,2,storm,2,0.5271
FL01766,AK620,HRI,BTC,21,188,5,8,thunderstorm,7,0.7621
FL01767,UL451,SWA,TRR,17,221,5,7,rain,8,0.4859
FL01768,QR154,GIU,HRI,12,203,1,5,thunderstorm,5,0.6848
FL01769,SQ344,CMB,KCT,3,116,3,9,thunderstorm,0,0.4408
FL01770,QR416,GIU,KCT,0,114,3,10,clear,6,0.5206
FL01771,FD721,GIU,HRI,1,65,1,4,storm,4,0.6185
FL01772,EK250,CMB,TRR,16,190,4,8,rain,0,0.189
FL01773,FD869,HRI,KCT,6,103,2,6,fog,3,0.2392
FL01774,EK983,BTC,HRI,6,181,1,3,rain,1,0.1077
FL01775,SQ758,CMB,HRI,14,72,5,5,rain,6,0.4486
FL01776,EK224,HRI,SWA,15,167,0,9,fog,7,0.4409
FL01777,FD990,JAF,TRR,11,81,3,4,storm,5,0.673
FL01778,AK451,MNH,SWA,0,225,2,10,storm,5,0.704
FL01779,AK153,CMB,MNH,17,48,6,9,heavy_rain,8,0.5176
FL01780,QR533,JAF,HRI,7,159,6,7,fog,0,0.004
FL01781,UL377,HRI,SWA,21,266,5,1,storm,7,0.7767
FL01782,SQ831,JAF,KCT,17,253,4,7,storm,0,0.3389
FL01783,QR358,KCT,HRI,2,84,5,3,storm,1,0.4687
FL01784,FD211,BTC,MNH,21,156,0,6,clear,2,0.1164
FL01785,EK660,JAF,CMB,14,43,2,11,thunderstorm,0,0.3877
FL01786,FD383,HRI,CMB,4,115,4,11,heavy_rain,5,0.4355
FL01787,EK591,TRR,MNH,0,215,2,1,rain,6,0.5841
FL01788,QR936,GIU,MNH,9,79,5,8,storm,5,0.6271
FL01789,EK532,JAF,CMB,10,160,1,2,heavy_rain,2,0.1029
FL01790,AK846,JAF,KCT,4,140,3,3,thunderstorm,6,0.7576
FL01791,EK725,BTC,HRI,0,231,5,8,rain,3,0.4337
FL01792,UL201,KCT,BTC,3,267,6,6,fog,7,0.4648
FL01793,FD140,HRI,SWA,23,85,6,1,fog,4,0.3761
FL01794,EK752,HRI,CMB,8,49,6,11,storm,6,0.7404
FL01795,EK945,GIU,KCT,6,119,4,7,rain,3,0.2824
FL01796,AK241,BTC,MNH,14,267,3,10,storm,6,0.6897
FL01797,AK165,TRR,KCT,18,197,6,10,storm,2,0.4174
FL01798,UL241,KCT,TRR,14,167,1,2,fog,6,0.307
FL01799,UL954,MNH,TRR,14,271,5,9,fog,8,0.4791
FL01800,UL967,TRR,JAF,22,172,1,9,fog,5,0.4788
FL01801,AK879,GIU,JAF,5,144,1,11,storm,1,0.5952
FL01802,EK396,KCT,SWA,9,169,6,8,storm,6,0.6295
FL01803,EK912,KCT,JAF,11,212,4,1,rain,6,0.3574
FL01804,FD657,CMB,JAF,22,221,4,6,thunderstorm,2,0.6031
FL01805,EK329,HRI,MNH,11,280,4,10,thunderstorm,1,0.4269
FL01806,AK564,MNH,HRI,10,62,3,4,rain,8,0.4734
FL01807,AK980,MNH,GIU,18,244,6,2,thunderstorm,8,0.8001
FL01808,FD800,MNH,TRR,5,242,5,5,thunderstorm,2,0.5918
FL01809,QR707,JAF,BTC,17,207,5,4,thunderstorm,2,0.4198
FL01810,QR247,CMB,TRR,5,269,5,6,rain,0,0.1518
FL01811,SQ408,KCT,GIU,4,130,6,11,heavy_rain,1,0.242
FL01812,EK132,JAF,HRI,15,209,3,5,thunderstorm,1,0.3707
FL01813,SQ555,KCT,JAF,4,79,3,5,thunderstorm,7,0.8386
FL01814,FD115,KCT,TRR,0,133,0,4,rain,3,0.4087
FL01815,QR640,KCT,HRI,11,109,2,8,fog,0,0.137
FL01816,AK218,MNH,GIU,0,137,4,10,thunderstorm,8,0.8309
FL01817,QR363,JAF,CMB,15,239,3,10,fog,1,0.0747
FL01818,AK443,KCT,BTC,22,280,6,11,fog,2,0.2933
FL01819,UL589,BTC,HRI,7,225,3,10,clear,0,0.0362
FL01820,FD689,GIU,HRI,3,69,6,5,rain,7,0.5499
FL01821,FD721,KCT,GIU,23,72,0,7,fog,4,0.359
FL01822,SQ670,MNH,SWA,16,275,0,8,thunderstorm,8,0.8166
FL01823,QR778,JAF,KCT,5,278,4,4,fog,3,0.2774
FL01824,QR741,TRR,KCT,0,206,4,8,clear,3,0.2926
FL01825,AK840,TRR,GIU,14,217,3,3,fog,6,0.3221
FL01826,FD229,SWA,BTC,3,107,0,6,storm,1,0.5882
FL01827,EK205,TRR,BTC,1,214,2,1,thunderstorm,2,0.5451
FL01828,UL533,SWA,TRR,16,54,5,9,thunderstorm,0,0.356
FL01829,AK532,CMB,MNH,12,208,2,7,rain,1,0.1211
FL01830,UL372,TRR,GIU,2,98,5,10,heavy_rain,7,0.5786
FL01831,AK778,GIU,BTC,6,97,4,1,fog,0,0.1006
FL01832,FD860,HRI,MNH,22,164,3,8,storm,6,0.7453
FL01833,UL341,HRI,JAF,8,110,2,8,rain,8,0.5183
FL01834,UL352,MNH,CMB,12,130,5,12,heavy_rain,1,0.0851
FL01835,AK827,HRI,MNH,16,217,1,7,storm,8,0.8021
FL01836,QR245,HRI,BTC,19,62,3,8,clear,2,0.1536
FL01837,FD955,SWA,TRR,2,100,4,11,thunderstorm,4,0.6941
FL01838,SQ532,CMB,GIU,21,203,6,9,thunderstorm,5,0.6988
FL01839,QR995,TRR,KCT,9,89,0,1,clear,2,0.1822
FL01840,AK142,TRR,CMB,16,155,4,3,clear,5,0.2729
FL01841,QR984,MNH,SWA,19,239,0,7,clear,4,0.2101
FL01842,EK186,SWA,HRI,21,178,3,12,storm,3,0.4622
FL01843,SQ842,JAF,MNH,19,274,1,7,clear,4,0.3479
FL01844,EK822,CMB,KCT,0,72,1,7,heavy_rain,0,0.1802
FL01845,SQ985,SWA,KCT,8,160,1,11,fog,5,0.3854
FL01846,SQ500,BTC,KCT,10,208,2,4,fog,3,0.2293
FL01847,UL722,JAF,MNH,17,278,6,7,heavy_rain,8,0.491
FL01848,QR167,TRR,BTC,21,107,0,5,clear,6,0.3463
FL01849,UL186,HRI,TRR,8,243,1,12,heavy_rain,8,0.401
FL01850,AK654,KCT,SWA,13,50,4,8,fog,8,0.509
FL01851,UL517,JAF,HRI,7,166,3,11,rain,7,0.414
FL01852,AK529,MNH,BTC,16,193,0,4,fog,1,0.1
FL01853,FD758,HRI,TRR,7,280,3,2,fog,0,0.0695
FL01854,SQ131,KCT,GIU,1,260,2,1,thunderstorm,7,0.7977
FL01855,FD271,KCT,GIU,23,114,0,2,rain,2,0.3189
FL01856,SQ305,BTC,HRI,8,97,4,8,heavy_rain,4,0.3373
FL01857,UL831,SWA,BTC,3,253,0,12,heavy_rain,3,0.3415
FL01858,FD160,KCT,GIU,13,157,3,11,clear,7,0.4118
FL01859,UL471,CMB,MNH,19,183,4,1,fog,6,0.3719
FL01860,SQ533,BTC,JAF,9,65,0,2,heavy_rain,2,0.192
FL01861,UL494,HRI,KCT,19,195,4,12,thunderstorm,4,0.5075
FL01862,FD436,CMB,GIU,21,217,5,10,heavy_rain,6,0.4404
FL01863,EK230,CMB,KCT,14,267,6,2,heavy_rain,3,0.2485
FL01864,SQ735,GIU,JAF,15,259,1,10,fog,6,0.363
FL01865,SQ435,GIU,MNH,19,54,1,1,heavy_rain,5,0.2667
FL01866,FD159,HRI,GIU,20,59,0,9,heavy_rain,2,0.1517
FL01867,QR272,CMB,KCT,14,101,2,10,heavy_rain,3,0.2997
FL01868,AK256,HRI,GIU,11,97,4,8,heavy_rain,0,0.0088
FL01869,UL269,BTC,GIU,11,79,4,8,rain,6,0.3908
FL01870,FD210,KCT,SWA,8,178,3,7,clear,0,0.1424
FL01871,QR559,MNH,TRR,6,209,6,3,heavy_rain,2,0.1711
FL01872,QR981,MNH,CMB,10,118,0,7,storm,5,0.6841
FL01873,SQ568,HRI,SWA,19,132,6,2,thunderstorm,3,0.5661
FL01874,UL966,GIU,SWA,12,207,0,10,storm,3,0.533
FL01875,EK387,SWA,KCT,6,158,0,9,storm,1,0.3925
FL01876,EK276,TRR,BTC,3,168,2,5,thunderstorm,3,0.695
FL01877,EK443,JAF,HRI,8,47,6,9,fog,1,0.1999
FL01878,SQ645,CMB,TRR,9,143,2,5,heavy_rain,5,0.3743
FL01879,QR584,BTC,JAF,3,246,2,7,thunderstorm,1,0.4587
FL01880,UL894,TRR,GIU,4,123,4,5,fog,4,0.349
FL01881,FD388,JAF,GIU,14,183,6,8,heavy_rain,6,0.4019
FL01882,QR834,TRR,JAF,9,280,6,9,thunderstorm,5,0.5902
FL01883,EK543,GIU,MNH,7,65,2,2,heavy_rain,1,0.0867
FL01884,QR529,CMB,HRI,1,241,0,4,clear,4,0.4132
FL01885,AK781,HRI,SWA,14,40,1,11,clear,5,0.309
FL01886,FD339,HRI,SWA,3,152,4,8,clear,4,0.4216
FL01887,FD247,GIU,HRI,3,186,3,1,thunderstorm,3,0.6094
FL01888,FD145,TRR,GIU,13,280,1,11,clear,3,0.2728
FL01889,FD236,KCT,TRR,1,243,6,12,clear,4,0.4438
FL01890,SQ799,TRR,SWA,17,217,3,6,thunderstorm,2,0.5388
FL01891,QR534,TRR,JAF,15,104,1,3,fog,7,0.42
FL01892,AK132,GIU,JAF,11,127,2,12,rain,8,0.5841
FL01893,SQ263,MNH,JAF,18,44,6,11,thunderstorm,0,0.3316
FL01894,SQ166,GIU,MNH,3,229,4,5,fog,2,0.2236
FL01895,AK470,SWA,JAF,15,265,4,5,heavy_rain,8,0.4881
FL01896,QR168,SWA,CMB,1,182,0,5,heavy_rain,6,0.5342
FL01897,EK135,BTC,GIU,13,225,5,5,rain,1,0.126
FL01898,QR451,GIU,BTC,7,127,6,12,thunderstorm,5,0.601
FL01899,SQ427,HRI,CMB,21,250,2,12,clear,6,0.3858
FL01900,QR513,TRR,GIU,11,125,3,1,storm,7,0.7146
FL01901,SQ984,CMB,GIU,10,241,1,1,storm,3,0.5855
FL01902,UL542,BTC,TRR,16,182,3,10,fog,7,0.415
FL01903,AK904,CMB,MNH,13,87,0,11,thunderstorm,2,0.5184
FL01904,UL656,CMB,JAF,10,83,1,12,storm,2,0.5207
FL01905,AK905,CMB,MNH,0,214,1,6,clear,8,0.5924
FL01906,QR861,BTC,TRR,3,252,2,7,fog,1,0.201
FL01907,EK389,SWA,GIU,13,61,2,4,fog,1,0.0944
FL01908,AK649,SWA,GIU,11,48,5,2,thunderstorm,8,0.7005
FL01909,FD241,BTC,CMB,22,74,1,7,fog,4,0.4399
FL01910,QR174,SWA,KCT,3,182,3,9,heavy_rain,1,0.1798
FL01911,FD880,HRI,SWA,14,199,6,4,fog,7,0.4606
FL01912,QR135,BTC,TRR,5,213,2,8,storm,6,0.7106
FL01913,QR911,SWA,MNH,11,128,3,9,clear,3,0.2864
FL01914,FD623,JAF,MNH,16,191,1,10,heavy_rain,1,0.1479
FL01915,EK428,GIU,HRI,16,53,2,1,rain,4,0.3965
FL01916,AK920,GIU,TRR,23,158,1,11,clear,3,0.3166
FL01917,QR692,CMB,TRR,22,152,5,9,clear,3,0.2753
FL01918,FD969,GIU,SWA,1,189,4,6,thunderstorm,0,0.4467
FL01919,UL523,HRI,JAF,8,104,6,2,clear,5,0.3121
FL01920,FD848,JAF,CMB,21,270,3,10,thunderstorm,3,0.5921
FL01921,UL226,GIU,KCT,10,265,3,7,clear,1,0.1074
FL01922,SQ725,TRR,GIU,23,262,4,11,thunderstorm,7,0.8752
FL01923,QR410,TRR,SWA,4,134,3,12,clear,8,0.5514
FL01924,EK311,GIU,BTC,10,274,2,11,storm,2,0.5084
FL01925,EK873,BTC,GIU,2,254,3,11,rain,0,0.2478
FL01926,UL987,MNH,BTC,0,122,1,3,thunderstorm,2,0.6021
FL01927,FD501,TRR,KCT,8,155,3,11,heavy_rain,6,0.3684
FL01928,SQ181,CMB,HRI,5,159,1,5,thunderstorm,5,0.7526
FL01929,SQ930,CMB,SWA,2,243,4,7,thunderstorm,4,0.6759
FL01930,FD581,KCT,CMB,7,114,6,10,heavy_rain,4,0.2765
FL01931,AK648,JAF,KCT,3,43,2,5,thunderstorm,8,0.8355
FL01932,UL570,CMB,MNH,5,260,0,9,heavy_rain,4,0.3503
FL01933,EK135,CMB,GIU,8,191,2,10,clear,7,0.4195
FL01934,QR123,HRI,MNH,9,135,6,8,fog,2,0.1188
FL01935,QR810,HRI,GIU,20,242,1,7,heavy_rain,0,0.0552
FL01936,QR973,KCT,TRR,8,79,2,5,rain,1,0.1939
FL01937,SQ327,BTC,JAF,5,252,0,8,heavy_rain,4,0.3436
FL01938,AK569,KCT,TRR,16,217,0,6,rain,6,0.4708
FL01939,EK874,CMB,JAF,12,84,1,12,storm,6,0.6684
FL01940,EK250,CMB,GIU,0,203,2,3,rain,1,0.2786
FL01941,FD480,MNH,TRR,22,214,3,5,storm,7,0.7925
FL01942,QR213,MNH,GIU,18,193,6,12,storm,6,0.7482
FL01943,EK609,TRR,HRI,4,97,6,12,rain,3,0.3042
FL01944,EK678,MNH,BTC,15,135,4,10,rain,8,0.5914
FL01945,FD623,MNH,KCT,18,280,2,11,thunderstorm,8,0.8292
FL01946,QR920,JAF,SWA,21,91,4,11,thunderstorm,2,0.516
FL01947,QR519,MNH,HRI,13,207,3,6,fog,8,0.4834
FL01948,EK215,BTC,GIU,15,270,5,9,rain,0,0.0883
FL01949,SQ289,CMB,BTC,19,87,1,4,rain,1,0.1709
FL01950,SQ171,TRR,CMB,10,176,6,8,thunderstorm,2,0.4907
FL01951,AK162,TRR,JAF,9,210,6,8,thunderstorm,5,0.6545
FL01952,QR377,SWA,BTC,5,144,4,5,rain,5,0.4314
FL01953,EK592,JAF,GIU,22,189,1,11,storm,0,0.4428
FL01954,AK648,JAF,TRR,17,142,3,5,fog,7,0.4438
FL01955,AK186,TRR,JAF,19,42,5,5,thunderstorm,1,0.4458
FL01956,FD765,MNH,JAF,0,261,5,7,clear,6,0.4534
FL01957,AK584,KCT,CMB,20,179,0,10,clear,8,0.4439
FL01958,SQ915,TRR,JAF,5,108,6,10,rain,2,0.3027
FL01959,QR986,CMB,GIU,13,238,1,3,thunderstorm,8,0.732
FL01960,QR810,JAF,SWA,16,47,4,6,thunderstorm,8,0.8421
FL01961,QR969,HRI,CMB,4,167,4,9,heavy_rain,3,0.382
FL01962,QR540,TRR,BTC,6,277,4,11,clear,4,0.2724
FL01963,QR388,KCT,MNH,23,182,5,2,fog,4,0.3941
FL01964,FD878,KCT,SWA,19,206,5,4,fog,5,0.2839
FL01965,FD314,CMB,JAF,6,116,2,4,fog,4,0.2883
FL01966,EK671,HRI,SWA,6,208,6,8,storm,0,0.4214
FL01967,QR147,CMB,GIU,12,215,3,10,rain,0,0.1853
FL01968,FD324,SWA,CMB,4,101,2,8,heavy_rain,8,0.6438
FL01969,SQ352,GIU,CMB,4,278,1,4,heavy_rain,2,0.2977
FL01970,EK626,KCT,HRI,17,244,5,10,thunderstorm,5,0.5987
FL01971,SQ751,HRI,BTC,2,249,1,8,thunderstorm,2,0.5062
FL01972,QR160,JAF,BTC,17,276,5,2,fog,0,0.0361
FL01973,AK135,CMB,KCT,12,54,0,4,thunderstorm,4,0.6211
FL01974,SQ250,TRR,KCT,6,107,5,8,thunderstorm,8,0.7471
FL01975,SQ194,BTC,MNH,16,121,5,7,clear,4,0.2492
FL01976,SQ833,GIU,HRI,11,175,5,2,thunderstorm,6,0.6862
FL01977,EK373,CMB,MNH,23,77,0,7,thunderstorm,0,0.4347
FL01978,UL180,HRI,GIU,2,214,2,9,clear,6,0.442
FL01979,UL120,GIU,HRI,7,153,4,11,rain,1,0.2071
FL01980,FD561,MNH,CMB,18,245,4,11,storm,7,0.7781
FL01981,UL488,BTC,KCT,23,80,1,7,fog,3,0.2875
FL01982,EK987,HRI,JAF,15,160,2,7,storm,3,0.5758
FL01983,AK452,TRR,KCT,18,219,1,11,rain,1,0.1104
FL01984,EK986,SWA,MNH,6,225,3,1,fog,6,0.3547
FL01985,UL748,JAF,BTC,4,202,1,12,fog,4,0.3388
FL01986,UL831,CMB,JAF,21,177,1,2,thunderstorm,1,0.4453
FL01987,QR779,TRR,CMB,4,273,1,2,rain,8,0.6511
FL01988,UL481,TRR,CMB,8,209,6,4,rain,2,0.2014
FL01989,FD646,MNH,KCT,13,187,1,7,fog,2,0.1049
FL01990,AK451,JAF,HRI,8,125,0,5,fog,4,0.2668
FL01991,UL450,HRI,BTC,5,223,3,7,rain,7,0.5379
FL01992,UL913,TRR,KCT,14,185,1,1,fog,0,0.0591
FL01993,SQ641,SWA,CMB,14,232,5,2,clear,6,0.4459
FL01994,AK384,MNH,BTC,20,74,4,1,storm,2,0.4833
FL01995,FD885,HRI,CMB,10,47,6,8,fog,6,0.4421
FL01996,AK423,KCT,MNH,12,269,1,9,thunderstorm,8,0.7046
FL01997,FD887,GIU,SWA,1,210,4,1,fog,7,0.5318
FL01998,QR520,GIU,HRI,21,128,1,2,thunderstorm,8,0.7042
FL01999,AK996,HRI,GIU,17,191,6,3,clear,5,0.3989
FL02000,AK351,KCT,MNH,21,271,4,12,thunderstorm,4,0.5587
